--------------------------------------------------------
-- Archivo creado  - lunes-noviembre-21-2022   
--------------------------------------------------------
--------------------------------------------------------
--  DDL for DB Link CONEXION
--------------------------------------------------------

  CREATE DATABASE LINK "CONEXION"
   CONNECT TO "PROYECTO_ENCUESTAS" IDENTIFIED BY VALUES '0598F2145D4588CB6D2EAA47AAB0BD7832'
   USING '(DESCRIPTION = (ADDRESS_LIST = (ADDRESS = (PROTOCOL = TCP)(HOST = 192.168.1.63)(PORT = 1521)))  
(CONNECT_DATA =(SID = XE)))';
--------------------------------------------------------
--  DDL for DB Link PROYECTOENCUESTAS
--------------------------------------------------------

  CREATE DATABASE LINK "PROYECTOENCUESTAS"
   CONNECT TO "PROYECTOENCUESTASDB" IDENTIFIED BY VALUES '054B92649DFCC69F7B0D683849D41659FEC2860FD93E403C525B04C1181EEB0644'
   USING '(DESCRIPTION = (ADDRESS_LIST = (ADDRESS = (PROTOCOL = TCP)(HOST = 192.168.1.63)(PORT = 1521)))  
(CONNECT_DATA =(SID = XE)))';
--------------------------------------------------------
--  DDL for DB Link PROYECTOENCUESTASDB
--------------------------------------------------------

  CREATE DATABASE LINK "PROYECTOENCUESTASDB"
   CONNECT TO "ENCUESTA" IDENTIFIED BY VALUES '0591AE4E5422AB941623429485EFA8AD4A'
   USING '(DESCRIPTION = (ADDRESS_LIST = (ADDRESS = (PROTOCOL = TCP)(HOST = 192.168.1.63)(PORT = 1521)))  
(CONNECT_DATA =(SID = XE)))';
--------------------------------------------------------
--  DDL for Table CATEGORIA
--------------------------------------------------------

  CREATE TABLE "PROYECTO_ENCUESTAS"."CATEGORIA" 
   (	"ID" NUMBER(*,0), 
	"NOMBRE" VARCHAR2(30 BYTE)
   ) SEGMENT CREATION IMMEDIATE 
  PCTFREE 10 PCTUSED 40 INITRANS 1 MAXTRANS 255 NOCOMPRESS LOGGING
  STORAGE(INITIAL 65536 NEXT 1048576 MINEXTENTS 1 MAXEXTENTS 2147483645
  PCTINCREASE 0 FREELISTS 1 FREELIST GROUPS 1 BUFFER_POOL DEFAULT FLASH_CACHE DEFAULT CELL_FLASH_CACHE DEFAULT)
  TABLESPACE "SYSTEM" ;
--------------------------------------------------------
--  DDL for Table CIUDAD
--------------------------------------------------------

  CREATE TABLE "PROYECTO_ENCUESTAS"."CIUDAD" 
   (	"ID" NUMBER(*,0), 
	"NOMBRE" VARCHAR2(100 BYTE), 
	"DEPARTAMENTO_ID" NUMBER(*,0)
   ) SEGMENT CREATION IMMEDIATE 
  PCTFREE 10 PCTUSED 40 INITRANS 1 MAXTRANS 255 NOCOMPRESS LOGGING
  STORAGE(INITIAL 65536 NEXT 1048576 MINEXTENTS 1 MAXEXTENTS 2147483645
  PCTINCREASE 0 FREELISTS 1 FREELIST GROUPS 1 BUFFER_POOL DEFAULT FLASH_CACHE DEFAULT CELL_FLASH_CACHE DEFAULT)
  TABLESPACE "SYSTEM" ;
--------------------------------------------------------
--  DDL for Table DEPARTAMENTO
--------------------------------------------------------

  CREATE TABLE "PROYECTO_ENCUESTAS"."DEPARTAMENTO" 
   (	"ID" NUMBER(*,0), 
	"NOMBRE" VARCHAR2(100 BYTE), 
	"PAIS_ID" NUMBER(*,0)
   ) SEGMENT CREATION IMMEDIATE 
  PCTFREE 10 PCTUSED 40 INITRANS 1 MAXTRANS 255 NOCOMPRESS LOGGING
  STORAGE(INITIAL 65536 NEXT 1048576 MINEXTENTS 1 MAXEXTENTS 2147483645
  PCTINCREASE 0 FREELISTS 1 FREELIST GROUPS 1 BUFFER_POOL DEFAULT FLASH_CACHE DEFAULT CELL_FLASH_CACHE DEFAULT)
  TABLESPACE "SYSTEM" ;
--------------------------------------------------------
--  DDL for Table ENCUESTA
--------------------------------------------------------

  CREATE TABLE "PROYECTO_ENCUESTAS"."ENCUESTA" 
   (	"ID" NUMBER(*,0), 
	"NOMBRE" VARCHAR2(100 BYTE), 
	"DESCRIPCION" VARCHAR2(100 BYTE), 
	"FECHA_INICIO_DISPONIBILIDAD" DATE, 
	"FECHA_FIN_DISPONIBILIDAD" DATE, 
	"CANTIDAD_PERSONAS_MAXIMA" NUMBER(*,0), 
	"OBJETIVO" VARCHAR2(100 BYTE), 
	"RANGO_EDAD_MINIMO" NUMBER(*,0), 
	"RANGO_EDAD_MAXIMO" NUMBER(*,0), 
	"SUBCATEGORIA_ID" NUMBER(*,0), 
	"GENERO_OBJETIVO_ID" NUMBER(*,0)
   ) SEGMENT CREATION IMMEDIATE 
  PCTFREE 10 PCTUSED 40 INITRANS 1 MAXTRANS 255 NOCOMPRESS LOGGING
  STORAGE(INITIAL 65536 NEXT 1048576 MINEXTENTS 1 MAXEXTENTS 2147483645
  PCTINCREASE 0 FREELISTS 1 FREELIST GROUPS 1 BUFFER_POOL DEFAULT FLASH_CACHE DEFAULT CELL_FLASH_CACHE DEFAULT)
  TABLESPACE "SYSTEM" ;
--------------------------------------------------------
--  DDL for Table ENCUESTA_GRUPO
--------------------------------------------------------

  CREATE TABLE "PROYECTO_ENCUESTAS"."ENCUESTA_GRUPO" 
   (	"GRUPO_ID" NUMBER(*,0), 
	"ENCUESTA_ID" NUMBER(*,0)
   ) SEGMENT CREATION IMMEDIATE 
  PCTFREE 10 PCTUSED 40 INITRANS 1 MAXTRANS 255 NOCOMPRESS LOGGING
  STORAGE(INITIAL 65536 NEXT 1048576 MINEXTENTS 1 MAXEXTENTS 2147483645
  PCTINCREASE 0 FREELISTS 1 FREELIST GROUPS 1 BUFFER_POOL DEFAULT FLASH_CACHE DEFAULT CELL_FLASH_CACHE DEFAULT)
  TABLESPACE "SYSTEM" ;
--------------------------------------------------------
--  DDL for Table ENCUESTA_TIPO_ENCUESTA
--------------------------------------------------------

  CREATE TABLE "PROYECTO_ENCUESTAS"."ENCUESTA_TIPO_ENCUESTA" 
   (	"ENCUESTA_ID" NUMBER(*,0), 
	"TIPO_ENCUESTA_ID" NUMBER(*,0)
   ) SEGMENT CREATION IMMEDIATE 
  PCTFREE 10 PCTUSED 40 INITRANS 1 MAXTRANS 255 NOCOMPRESS LOGGING
  STORAGE(INITIAL 65536 NEXT 1048576 MINEXTENTS 1 MAXEXTENTS 2147483645
  PCTINCREASE 0 FREELISTS 1 FREELIST GROUPS 1 BUFFER_POOL DEFAULT FLASH_CACHE DEFAULT CELL_FLASH_CACHE DEFAULT)
  TABLESPACE "SYSTEM" ;
--------------------------------------------------------
--  DDL for Table GENERO
--------------------------------------------------------

  CREATE TABLE "PROYECTO_ENCUESTAS"."GENERO" 
   (	"ID" NUMBER(*,0), 
	"NOMBRE" VARCHAR2(20 BYTE)
   ) SEGMENT CREATION IMMEDIATE 
  PCTFREE 10 PCTUSED 40 INITRANS 1 MAXTRANS 255 NOCOMPRESS LOGGING
  STORAGE(INITIAL 65536 NEXT 1048576 MINEXTENTS 1 MAXEXTENTS 2147483645
  PCTINCREASE 0 FREELISTS 1 FREELIST GROUPS 1 BUFFER_POOL DEFAULT FLASH_CACHE DEFAULT CELL_FLASH_CACHE DEFAULT)
  TABLESPACE "SYSTEM" ;
--------------------------------------------------------
--  DDL for Table GRUPO
--------------------------------------------------------

  CREATE TABLE "PROYECTO_ENCUESTAS"."GRUPO" 
   (	"ID" NUMBER(*,0), 
	"NOMBRE" VARCHAR2(50 BYTE)
   ) SEGMENT CREATION IMMEDIATE 
  PCTFREE 10 PCTUSED 40 INITRANS 1 MAXTRANS 255 NOCOMPRESS LOGGING
  STORAGE(INITIAL 65536 NEXT 1048576 MINEXTENTS 1 MAXEXTENTS 2147483645
  PCTINCREASE 0 FREELISTS 1 FREELIST GROUPS 1 BUFFER_POOL DEFAULT FLASH_CACHE DEFAULT CELL_FLASH_CACHE DEFAULT)
  TABLESPACE "SYSTEM" ;
--------------------------------------------------------
--  DDL for Table NIVEL_ESCOLAR
--------------------------------------------------------

  CREATE TABLE "PROYECTO_ENCUESTAS"."NIVEL_ESCOLAR" 
   (	"ID" NUMBER(*,0), 
	"NOMBRE" VARCHAR2(50 BYTE)
   ) SEGMENT CREATION IMMEDIATE 
  PCTFREE 10 PCTUSED 40 INITRANS 1 MAXTRANS 255 NOCOMPRESS LOGGING
  STORAGE(INITIAL 65536 NEXT 1048576 MINEXTENTS 1 MAXEXTENTS 2147483645
  PCTINCREASE 0 FREELISTS 1 FREELIST GROUPS 1 BUFFER_POOL DEFAULT FLASH_CACHE DEFAULT CELL_FLASH_CACHE DEFAULT)
  TABLESPACE "SYSTEM" ;
--------------------------------------------------------
--  DDL for Table OPCION
--------------------------------------------------------

  CREATE TABLE "PROYECTO_ENCUESTAS"."OPCION" 
   (	"ID" NUMBER(*,0), 
	"TEXTO" VARCHAR2(100 BYTE), 
	"PREGUNTA_NUMERO" NUMBER(*,0)
   ) SEGMENT CREATION IMMEDIATE 
  PCTFREE 10 PCTUSED 40 INITRANS 1 MAXTRANS 255 NOCOMPRESS LOGGING
  STORAGE(INITIAL 65536 NEXT 1048576 MINEXTENTS 1 MAXEXTENTS 2147483645
  PCTINCREASE 0 FREELISTS 1 FREELIST GROUPS 1 BUFFER_POOL DEFAULT FLASH_CACHE DEFAULT CELL_FLASH_CACHE DEFAULT)
  TABLESPACE "SYSTEM" ;
--------------------------------------------------------
--  DDL for Table PAIS
--------------------------------------------------------

  CREATE TABLE "PROYECTO_ENCUESTAS"."PAIS" 
   (	"ID" NUMBER(*,0), 
	"NOMBRE" VARCHAR2(100 BYTE)
   ) SEGMENT CREATION IMMEDIATE 
  PCTFREE 10 PCTUSED 40 INITRANS 1 MAXTRANS 255 NOCOMPRESS LOGGING
  STORAGE(INITIAL 65536 NEXT 1048576 MINEXTENTS 1 MAXEXTENTS 2147483645
  PCTINCREASE 0 FREELISTS 1 FREELIST GROUPS 1 BUFFER_POOL DEFAULT FLASH_CACHE DEFAULT CELL_FLASH_CACHE DEFAULT)
  TABLESPACE "SYSTEM" ;
--------------------------------------------------------
--  DDL for Table PREGUNTA
--------------------------------------------------------

  CREATE TABLE "PROYECTO_ENCUESTAS"."PREGUNTA" 
   (	"NUMERO" NUMBER(*,0), 
	"TEXTO" VARCHAR2(100 BYTE), 
	"ENCUESTA_ID" NUMBER(*,0), 
	"TIPO_CONDICION_ID" NUMBER(*,0)
   ) SEGMENT CREATION IMMEDIATE 
  PCTFREE 10 PCTUSED 40 INITRANS 1 MAXTRANS 255 NOCOMPRESS LOGGING
  STORAGE(INITIAL 65536 NEXT 1048576 MINEXTENTS 1 MAXEXTENTS 2147483645
  PCTINCREASE 0 FREELISTS 1 FREELIST GROUPS 1 BUFFER_POOL DEFAULT FLASH_CACHE DEFAULT CELL_FLASH_CACHE DEFAULT)
  TABLESPACE "SYSTEM" ;
--------------------------------------------------------
--  DDL for Table PRESENTACION
--------------------------------------------------------

  CREATE TABLE "PROYECTO_ENCUESTAS"."PRESENTACION" 
   (	"ID" NUMBER(*,0), 
	"USUARIO_NUMERO_IDENTIFICACION" VARCHAR2(10 BYTE), 
	"ENCUESTA_ID" NUMBER(*,0)
   ) SEGMENT CREATION IMMEDIATE 
  PCTFREE 10 PCTUSED 40 INITRANS 1 MAXTRANS 255 NOCOMPRESS LOGGING
  STORAGE(INITIAL 65536 NEXT 1048576 MINEXTENTS 1 MAXEXTENTS 2147483645
  PCTINCREASE 0 FREELISTS 1 FREELIST GROUPS 1 BUFFER_POOL DEFAULT FLASH_CACHE DEFAULT CELL_FLASH_CACHE DEFAULT)
  TABLESPACE "SYSTEM" ;
--------------------------------------------------------
--  DDL for Table RESPUESTA_USUARIO
--------------------------------------------------------

  CREATE TABLE "PROYECTO_ENCUESTAS"."RESPUESTA_USUARIO" 
   (	"OPCION_ID" NUMBER(*,0), 
	"PRESENTACION_ID" NUMBER(*,0)
   ) SEGMENT CREATION IMMEDIATE 
  PCTFREE 10 PCTUSED 40 INITRANS 1 MAXTRANS 255 NOCOMPRESS LOGGING
  STORAGE(INITIAL 65536 NEXT 1048576 MINEXTENTS 1 MAXEXTENTS 2147483645
  PCTINCREASE 0 FREELISTS 1 FREELIST GROUPS 1 BUFFER_POOL DEFAULT FLASH_CACHE DEFAULT CELL_FLASH_CACHE DEFAULT)
  TABLESPACE "SYSTEM" ;
--------------------------------------------------------
--  DDL for Table SUBCATEGORIA
--------------------------------------------------------

  CREATE TABLE "PROYECTO_ENCUESTAS"."SUBCATEGORIA" 
   (	"ID" NUMBER(*,0), 
	"NOMBRE" VARCHAR2(30 BYTE), 
	"CATEGORIA_ID" NUMBER(*,0)
   ) SEGMENT CREATION IMMEDIATE 
  PCTFREE 10 PCTUSED 40 INITRANS 1 MAXTRANS 255 NOCOMPRESS LOGGING
  STORAGE(INITIAL 65536 NEXT 1048576 MINEXTENTS 1 MAXEXTENTS 2147483645
  PCTINCREASE 0 FREELISTS 1 FREELIST GROUPS 1 BUFFER_POOL DEFAULT FLASH_CACHE DEFAULT CELL_FLASH_CACHE DEFAULT)
  TABLESPACE "SYSTEM" ;
--------------------------------------------------------
--  DDL for Table TEMA
--------------------------------------------------------

  CREATE TABLE "PROYECTO_ENCUESTAS"."TEMA" 
   (	"ID" NUMBER(*,0), 
	" nombre" VARCHAR2(50 BYTE)
   ) SEGMENT CREATION IMMEDIATE 
  PCTFREE 10 PCTUSED 40 INITRANS 1 MAXTRANS 255 NOCOMPRESS LOGGING
  STORAGE(INITIAL 65536 NEXT 1048576 MINEXTENTS 1 MAXEXTENTS 2147483645
  PCTINCREASE 0 FREELISTS 1 FREELIST GROUPS 1 BUFFER_POOL DEFAULT FLASH_CACHE DEFAULT CELL_FLASH_CACHE DEFAULT)
  TABLESPACE "SYSTEM" ;
--------------------------------------------------------
--  DDL for Table TIPO_CONDICION
--------------------------------------------------------

  CREATE TABLE "PROYECTO_ENCUESTAS"."TIPO_CONDICION" 
   (	"ID" NUMBER(*,0), 
	"NOMBRE" VARCHAR2(50 BYTE)
   ) SEGMENT CREATION IMMEDIATE 
  PCTFREE 10 PCTUSED 40 INITRANS 1 MAXTRANS 255 NOCOMPRESS LOGGING
  STORAGE(INITIAL 65536 NEXT 1048576 MINEXTENTS 1 MAXEXTENTS 2147483645
  PCTINCREASE 0 FREELISTS 1 FREELIST GROUPS 1 BUFFER_POOL DEFAULT FLASH_CACHE DEFAULT CELL_FLASH_CACHE DEFAULT)
  TABLESPACE "SYSTEM" ;
--------------------------------------------------------
--  DDL for Table TIPO_ENCUESTA
--------------------------------------------------------

  CREATE TABLE "PROYECTO_ENCUESTAS"."TIPO_ENCUESTA" 
   (	"ID" NUMBER(*,0), 
	"NOMBRE" VARCHAR2(50 BYTE)
   ) SEGMENT CREATION IMMEDIATE 
  PCTFREE 10 PCTUSED 40 INITRANS 1 MAXTRANS 255 NOCOMPRESS LOGGING
  STORAGE(INITIAL 65536 NEXT 1048576 MINEXTENTS 1 MAXEXTENTS 2147483645
  PCTINCREASE 0 FREELISTS 1 FREELIST GROUPS 1 BUFFER_POOL DEFAULT FLASH_CACHE DEFAULT CELL_FLASH_CACHE DEFAULT)
  TABLESPACE "SYSTEM" ;
--------------------------------------------------------
--  DDL for Table USUARIO
--------------------------------------------------------

  CREATE TABLE "PROYECTO_ENCUESTAS"."USUARIO" 
   (	"NUMERO_IDENTIFICACION" VARCHAR2(10 BYTE), 
	"NOMBRE" VARCHAR2(30 BYTE), 
	"APELLIDOS" VARCHAR2(50 BYTE), 
	"FECHA_NACIMIENTO" DATE, 
	"GENERO_ID" NUMBER(*,0), 
	"NIVEL_ESCOLAR_ID" NUMBER(*,0), 
	"CIUDAD_ID" NUMBER(*,0)
   ) SEGMENT CREATION IMMEDIATE 
  PCTFREE 10 PCTUSED 40 INITRANS 1 MAXTRANS 255 NOCOMPRESS LOGGING
  STORAGE(INITIAL 65536 NEXT 1048576 MINEXTENTS 1 MAXEXTENTS 2147483645
  PCTINCREASE 0 FREELISTS 1 FREELIST GROUPS 1 BUFFER_POOL DEFAULT FLASH_CACHE DEFAULT CELL_FLASH_CACHE DEFAULT)
  TABLESPACE "SYSTEM" ;
--------------------------------------------------------
--  DDL for Table USUARIO_TEMA
--------------------------------------------------------

  CREATE TABLE "PROYECTO_ENCUESTAS"."USUARIO_TEMA" 
   (	"TEMA_ID" NUMBER(*,0), 
	"USUARIO_NUMERO_IDENTIFICACION" VARCHAR2(10 BYTE)
   ) SEGMENT CREATION IMMEDIATE 
  PCTFREE 10 PCTUSED 40 INITRANS 1 MAXTRANS 255 NOCOMPRESS LOGGING
  STORAGE(INITIAL 65536 NEXT 1048576 MINEXTENTS 1 MAXEXTENTS 2147483645
  PCTINCREASE 0 FREELISTS 1 FREELIST GROUPS 1 BUFFER_POOL DEFAULT FLASH_CACHE DEFAULT CELL_FLASH_CACHE DEFAULT)
  TABLESPACE "SYSTEM" ;
REM INSERTING into PROYECTO_ENCUESTAS.CATEGORIA
SET DEFINE OFF;
Insert into PROYECTO_ENCUESTAS.CATEGORIA (ID,NOMBRE) values ('10','SUPERMERCADO');
Insert into PROYECTO_ENCUESTAS.CATEGORIA (ID,NOMBRE) values ('1','ARTES');
Insert into PROYECTO_ENCUESTAS.CATEGORIA (ID,NOMBRE) values ('2','ECONOMIA');
Insert into PROYECTO_ENCUESTAS.CATEGORIA (ID,NOMBRE) values ('3','PROGRAMACION');
Insert into PROYECTO_ENCUESTAS.CATEGORIA (ID,NOMBRE) values ('4','MATEMATICAS');
Insert into PROYECTO_ENCUESTAS.CATEGORIA (ID,NOMBRE) values ('5','ETICA');
Insert into PROYECTO_ENCUESTAS.CATEGORIA (ID,NOMBRE) values ('6','GESTION DE CONOCIMIENTO');
Insert into PROYECTO_ENCUESTAS.CATEGORIA (ID,NOMBRE) values ('7','SOFTWARE');
Insert into PROYECTO_ENCUESTAS.CATEGORIA (ID,NOMBRE) values ('8','TEORIA DE SISTEMAS');
Insert into PROYECTO_ENCUESTAS.CATEGORIA (ID,NOMBRE) values ('9','LENGUAJE');
REM INSERTING into PROYECTO_ENCUESTAS.CIUDAD
SET DEFINE OFF;
Insert into PROYECTO_ENCUESTAS.CIUDAD (ID,NOMBRE,DEPARTAMENTO_ID) values ('2','Pitalito','1');
Insert into PROYECTO_ENCUESTAS.CIUDAD (ID,NOMBRE,DEPARTAMENTO_ID) values ('7','Neiva','1');
Insert into PROYECTO_ENCUESTAS.CIUDAD (ID,NOMBRE,DEPARTAMENTO_ID) values ('9','Filandia','3');
Insert into PROYECTO_ENCUESTAS.CIUDAD (ID,NOMBRE,DEPARTAMENTO_ID) values ('10','Florencia','2');
Insert into PROYECTO_ENCUESTAS.CIUDAD (ID,NOMBRE,DEPARTAMENTO_ID) values ('3','Pereira','4');
Insert into PROYECTO_ENCUESTAS.CIUDAD (ID,NOMBRE,DEPARTAMENTO_ID) values ('4','Medellin','7');
Insert into PROYECTO_ENCUESTAS.CIUDAD (ID,NOMBRE,DEPARTAMENTO_ID) values ('5','Bucaramanga','8');
Insert into PROYECTO_ENCUESTAS.CIUDAD (ID,NOMBRE,DEPARTAMENTO_ID) values ('1','ARMENIA','3');
Insert into PROYECTO_ENCUESTAS.CIUDAD (ID,NOMBRE,DEPARTAMENTO_ID) values ('6','Manizales','5');
Insert into PROYECTO_ENCUESTAS.CIUDAD (ID,NOMBRE,DEPARTAMENTO_ID) values ('8','Dos Quebradas','4');
REM INSERTING into PROYECTO_ENCUESTAS.DEPARTAMENTO
SET DEFINE OFF;
Insert into PROYECTO_ENCUESTAS.DEPARTAMENTO (ID,NOMBRE,PAIS_ID) values ('1','HUILA','1');
Insert into PROYECTO_ENCUESTAS.DEPARTAMENTO (ID,NOMBRE,PAIS_ID) values ('2','CAQUETA','1');
Insert into PROYECTO_ENCUESTAS.DEPARTAMENTO (ID,NOMBRE,PAIS_ID) values ('3','QUINDIO','1');
Insert into PROYECTO_ENCUESTAS.DEPARTAMENTO (ID,NOMBRE,PAIS_ID) values ('4','Risaralda','1');
Insert into PROYECTO_ENCUESTAS.DEPARTAMENTO (ID,NOMBRE,PAIS_ID) values ('5','Caldas','1');
Insert into PROYECTO_ENCUESTAS.DEPARTAMENTO (ID,NOMBRE,PAIS_ID) values ('6','Valle del Cauca','1');
Insert into PROYECTO_ENCUESTAS.DEPARTAMENTO (ID,NOMBRE,PAIS_ID) values ('7','Antioquia','1');
Insert into PROYECTO_ENCUESTAS.DEPARTAMENTO (ID,NOMBRE,PAIS_ID) values ('8','Santander','1');
Insert into PROYECTO_ENCUESTAS.DEPARTAMENTO (ID,NOMBRE,PAIS_ID) values ('9','Tolima','1');
Insert into PROYECTO_ENCUESTAS.DEPARTAMENTO (ID,NOMBRE,PAIS_ID) values ('10','Note de Santander','1');
REM INSERTING into PROYECTO_ENCUESTAS.ENCUESTA
SET DEFINE OFF;
Insert into PROYECTO_ENCUESTAS.ENCUESTA (ID,NOMBRE,DESCRIPCION,FECHA_INICIO_DISPONIBILIDAD,FECHA_FIN_DISPONIBILIDAD,CANTIDAD_PERSONAS_MAXIMA,OBJETIVO,RANGO_EDAD_MINIMO,RANGO_EDAD_MAXIMO,SUBCATEGORIA_ID,GENERO_OBJETIVO_ID) values ('1','PARCIAL 3 INGENIERIA ECONOMICA','TERCER EXAMEN DE LA ASIGNATURA DE INGENIERIA ECONOMICA',to_date('05/10/22','DD/MM/RR'),to_date('06/10/22','DD/MM/RR'),'30','CALIFICAR LOS CONOCIMIENTOS APRENIDOS EN EL CURSO HASTA LE UNIDAD 3','17','27','2','2');
Insert into PROYECTO_ENCUESTAS.ENCUESTA (ID,NOMBRE,DESCRIPCION,FECHA_INICIO_DISPONIBILIDAD,FECHA_FIN_DISPONIBILIDAD,CANTIDAD_PERSONAS_MAXIMA,OBJETIVO,RANGO_EDAD_MINIMO,RANGO_EDAD_MAXIMO,SUBCATEGORIA_ID,GENERO_OBJETIVO_ID) values ('2','PARCIAL 2 PROGRAMACION 2','SEGUNDO PARCIAL DE LA ASGINATURA DE PROGRAMACION 2',to_date('19/10/22','DD/MM/RR'),to_date('27/10/22','DD/MM/RR'),'26','CALIFICAR LOS CONOCIMIENTOS APRENDIDOS EN PROGRAMACION HASTA LA UNIDAD 2','18','30','5','1');
Insert into PROYECTO_ENCUESTAS.ENCUESTA (ID,NOMBRE,DESCRIPCION,FECHA_INICIO_DISPONIBILIDAD,FECHA_FIN_DISPONIBILIDAD,CANTIDAD_PERSONAS_MAXIMA,OBJETIVO,RANGO_EDAD_MINIMO,RANGO_EDAD_MAXIMO,SUBCATEGORIA_ID,GENERO_OBJETIVO_ID) values ('3','INDUSTRIA DE ALIMENTOS ORGANICOS','La comida orgánica es la comida producida por los métodos que cumplen con los estándares',to_date('10/11/22','DD/MM/RR'),to_date('10/12/22','DD/MM/RR'),'100','CONOCER LOS PRODUCTOS ORGANICOS QUE LA GENTE ESTA DISPUESTA A COMPRAR','20','60','13','2');
Insert into PROYECTO_ENCUESTAS.ENCUESTA (ID,NOMBRE,DESCRIPCION,FECHA_INICIO_DISPONIBILIDAD,FECHA_FIN_DISPONIBILIDAD,CANTIDAD_PERSONAS_MAXIMA,OBJETIVO,RANGO_EDAD_MINIMO,RANGO_EDAD_MAXIMO,SUBCATEGORIA_ID,GENERO_OBJETIVO_ID) values ('4','RECONOCIMIENTO PRODUCTO','para medir el reconocimiento de marca y la conciencia de marca entre los consumidores',to_date('10/11/22','DD/MM/RR'),to_date('10/12/22','DD/MM/RR'),'60','MEDIR EL RECONOCIMIENTO DE LOS PRODUCTO','25','45','13','1');
REM INSERTING into PROYECTO_ENCUESTAS.ENCUESTA_GRUPO
SET DEFINE OFF;
Insert into PROYECTO_ENCUESTAS.ENCUESTA_GRUPO (GRUPO_ID,ENCUESTA_ID) values ('1','1');
Insert into PROYECTO_ENCUESTAS.ENCUESTA_GRUPO (GRUPO_ID,ENCUESTA_ID) values ('2','2');
REM INSERTING into PROYECTO_ENCUESTAS.ENCUESTA_TIPO_ENCUESTA
SET DEFINE OFF;
Insert into PROYECTO_ENCUESTAS.ENCUESTA_TIPO_ENCUESTA (ENCUESTA_ID,TIPO_ENCUESTA_ID) values ('1','1');
Insert into PROYECTO_ENCUESTAS.ENCUESTA_TIPO_ENCUESTA (ENCUESTA_ID,TIPO_ENCUESTA_ID) values ('2','1');
REM INSERTING into PROYECTO_ENCUESTAS.GENERO
SET DEFINE OFF;
Insert into PROYECTO_ENCUESTAS.GENERO (ID,NOMBRE) values ('1','MASCULINO');
Insert into PROYECTO_ENCUESTAS.GENERO (ID,NOMBRE) values ('2','FEMENINO');
Insert into PROYECTO_ENCUESTAS.GENERO (ID,NOMBRE) values ('3','NO DEFINIDO');
Insert into PROYECTO_ENCUESTAS.GENERO (ID,NOMBRE) values ('4','OTRO');
Insert into PROYECTO_ENCUESTAS.GENERO (ID,NOMBRE) values ('5','PREFIERO NO DECIRLO');
REM INSERTING into PROYECTO_ENCUESTAS.GRUPO
SET DEFINE OFF;
Insert into PROYECTO_ENCUESTAS.GRUPO (ID,NOMBRE) values ('1','E1');
Insert into PROYECTO_ENCUESTAS.GRUPO (ID,NOMBRE) values ('2','E2');
Insert into PROYECTO_ENCUESTAS.GRUPO (ID,NOMBRE) values ('3','E3');
Insert into PROYECTO_ENCUESTAS.GRUPO (ID,NOMBRE) values ('4','E4');
Insert into PROYECTO_ENCUESTAS.GRUPO (ID,NOMBRE) values ('5','E5');
REM INSERTING into PROYECTO_ENCUESTAS.NIVEL_ESCOLAR
SET DEFINE OFF;
Insert into PROYECTO_ENCUESTAS.NIVEL_ESCOLAR (ID,NOMBRE) values ('1','PRIMARIA');
Insert into PROYECTO_ENCUESTAS.NIVEL_ESCOLAR (ID,NOMBRE) values ('2','SECUNDARIA');
Insert into PROYECTO_ENCUESTAS.NIVEL_ESCOLAR (ID,NOMBRE) values ('3','BACHILLER');
Insert into PROYECTO_ENCUESTAS.NIVEL_ESCOLAR (ID,NOMBRE) values ('4','TECNICO');
Insert into PROYECTO_ENCUESTAS.NIVEL_ESCOLAR (ID,NOMBRE) values ('5','TECNOLOGO');
Insert into PROYECTO_ENCUESTAS.NIVEL_ESCOLAR (ID,NOMBRE) values ('6','PROFESIONAL');
Insert into PROYECTO_ENCUESTAS.NIVEL_ESCOLAR (ID,NOMBRE) values ('7','MAESTRIA');
Insert into PROYECTO_ENCUESTAS.NIVEL_ESCOLAR (ID,NOMBRE) values ('8','DOCTORADO');
Insert into PROYECTO_ENCUESTAS.NIVEL_ESCOLAR (ID,NOMBRE) values ('9','POSTDOCTORADO');
REM INSERTING into PROYECTO_ENCUESTAS.OPCION
SET DEFINE OFF;
Insert into PROYECTO_ENCUESTAS.OPCION (ID,TEXTO,PREGUNTA_NUMERO) values ('1','INTERES SIMPLE','1');
Insert into PROYECTO_ENCUESTAS.OPCION (ID,TEXTO,PREGUNTA_NUMERO) values ('2','INTERES COMPUESTO','1');
Insert into PROYECTO_ENCUESTAS.OPCION (ID,TEXTO,PREGUNTA_NUMERO) values ('3','QUE UNO ES COMPUESTO Y EL OTRO ES SIMPLE','2');
Insert into PROYECTO_ENCUESTAS.OPCION (ID,TEXTO,PREGUNTA_NUMERO) values ('4','NINGUNA','2');
Insert into PROYECTO_ENCUESTAS.OPCION (ID,TEXTO,PREGUNTA_NUMERO) values ('5','LOS ABONOS SON APORTES DE PAGO A LAS DEUDAS','3');
Insert into PROYECTO_ENCUESTAS.OPCION (ID,TEXTO,PREGUNTA_NUMERO) values ('6','LOS ABONOS SON SEMILLAS DE CACAO','3');
Insert into PROYECTO_ENCUESTAS.OPCION (ID,TEXTO,PREGUNTA_NUMERO) values ('7','LOS ABONOS SON BONOS PERO CON A','3');
Insert into PROYECTO_ENCUESTAS.OPCION (ID,TEXTO,PREGUNTA_NUMERO) values ('8','INGRESE AQUI SU RESPUESTA','4');
Insert into PROYECTO_ENCUESTAS.OPCION (ID,TEXTO,PREGUNTA_NUMERO) values ('9','NADA','5');
Insert into PROYECTO_ENCUESTAS.OPCION (ID,TEXTO,PREGUNTA_NUMERO) values ('10','POCO PROBABLE','5');
Insert into PROYECTO_ENCUESTAS.OPCION (ID,TEXTO,PREGUNTA_NUMERO) values ('11','PROBABLE','5');
Insert into PROYECTO_ENCUESTAS.OPCION (ID,TEXTO,PREGUNTA_NUMERO) values ('12','MUY PROBABLE','5');
Insert into PROYECTO_ENCUESTAS.OPCION (ID,TEXTO,PREGUNTA_NUMERO) values ('13','SEGURO','5');
Insert into PROYECTO_ENCUESTAS.OPCION (ID,TEXTO,PREGUNTA_NUMERO) values ('14','FAMILIARES/AMIGOS','6');
Insert into PROYECTO_ENCUESTAS.OPCION (ID,TEXTO,PREGUNTA_NUMERO) values ('15','ANUNCIOS','6');
Insert into PROYECTO_ENCUESTAS.OPCION (ID,TEXTO,PREGUNTA_NUMERO) values ('16','EVENTOS','6');
Insert into PROYECTO_ENCUESTAS.OPCION (ID,TEXTO,PREGUNTA_NUMERO) values ('17','DOCUMENTALES','6');
Insert into PROYECTO_ENCUESTAS.OPCION (ID,TEXTO,PREGUNTA_NUMERO) values ('18','OTROS...','6');
Insert into PROYECTO_ENCUESTAS.OPCION (ID,TEXTO,PREGUNTA_NUMERO) values ('19','MENOS DE UN AÑO','7');
Insert into PROYECTO_ENCUESTAS.OPCION (ID,TEXTO,PREGUNTA_NUMERO) values ('20','1-2 AÑOS','7');
Insert into PROYECTO_ENCUESTAS.OPCION (ID,TEXTO,PREGUNTA_NUMERO) values ('21','3-4 AÑOS','7');
Insert into PROYECTO_ENCUESTAS.OPCION (ID,TEXTO,PREGUNTA_NUMERO) values ('22','MÁS DE CUATRO AÑOS','7');
Insert into PROYECTO_ENCUESTAS.OPCION (ID,TEXTO,PREGUNTA_NUMERO) values ('23','VEGETALES Y FRUTAS','8');
Insert into PROYECTO_ENCUESTAS.OPCION (ID,TEXTO,PREGUNTA_NUMERO) values ('24','LECHE Y LACTEOS','8');
Insert into PROYECTO_ENCUESTAS.OPCION (ID,TEXTO,PREGUNTA_NUMERO) values ('25','TE Y CAFE','8');
Insert into PROYECTO_ENCUESTAS.OPCION (ID,TEXTO,PREGUNTA_NUMERO) values ('26','OTROS','8');
Insert into PROYECTO_ENCUESTAS.OPCION (ID,TEXTO,PREGUNTA_NUMERO) values ('27','MIEL','8');
Insert into PROYECTO_ENCUESTAS.OPCION (ID,TEXTO,PREGUNTA_NUMERO) values ('28','Amigos/Familiares','9');
Insert into PROYECTO_ENCUESTAS.OPCION (ID,TEXTO,PREGUNTA_NUMERO) values ('29','Supermercados','9');
Insert into PROYECTO_ENCUESTAS.OPCION (ID,TEXTO,PREGUNTA_NUMERO) values ('30','Internet','9');
Insert into PROYECTO_ENCUESTAS.OPCION (ID,TEXTO,PREGUNTA_NUMERO) values ('31','Mercados locales','9');
Insert into PROYECTO_ENCUESTAS.OPCION (ID,TEXTO,PREGUNTA_NUMERO) values ('32','Otros (Indique cual)','9');
Insert into PROYECTO_ENCUESTAS.OPCION (ID,TEXTO,PREGUNTA_NUMERO) values ('33','Escriba su respuesta','10');
Insert into PROYECTO_ENCUESTAS.OPCION (ID,TEXTO,PREGUNTA_NUMERO) values ('34','SI','11');
Insert into PROYECTO_ENCUESTAS.OPCION (ID,TEXTO,PREGUNTA_NUMERO) values ('35','NO','11');
Insert into PROYECTO_ENCUESTAS.OPCION (ID,TEXTO,PREGUNTA_NUMERO) values ('36','TAL VEZ','11');
Insert into PROYECTO_ENCUESTAS.OPCION (ID,TEXTO,PREGUNTA_NUMERO) values ('37','ECONOMIA','12');
Insert into PROYECTO_ENCUESTAS.OPCION (ID,TEXTO,PREGUNTA_NUMERO) values ('38','SALUD','12');
Insert into PROYECTO_ENCUESTAS.OPCION (ID,TEXTO,PREGUNTA_NUMERO) values ('39','MEDIOAMBIENTE','12');
Insert into PROYECTO_ENCUESTAS.OPCION (ID,TEXTO,PREGUNTA_NUMERO) values ('40','MODA','12');
Insert into PROYECTO_ENCUESTAS.OPCION (ID,TEXTO,PREGUNTA_NUMERO) values ('41','1 A 5 DOLARES','13');
Insert into PROYECTO_ENCUESTAS.OPCION (ID,TEXTO,PREGUNTA_NUMERO) values ('42','6 A 10 DOLARES','13');
Insert into PROYECTO_ENCUESTAS.OPCION (ID,TEXTO,PREGUNTA_NUMERO) values ('43','MAS DE 10 DOLARES','13');
Insert into PROYECTO_ENCUESTAS.OPCION (ID,TEXTO,PREGUNTA_NUMERO) values ('44','PARA NADA','14');
Insert into PROYECTO_ENCUESTAS.OPCION (ID,TEXTO,PREGUNTA_NUMERO) values ('45','TAL VEZ','14');
Insert into PROYECTO_ENCUESTAS.OPCION (ID,TEXTO,PREGUNTA_NUMERO) values ('46','SI','14');
Insert into PROYECTO_ENCUESTAS.OPCION (ID,TEXTO,PREGUNTA_NUMERO) values ('47','Lleche entera','15');
Insert into PROYECTO_ENCUESTAS.OPCION (ID,TEXTO,PREGUNTA_NUMERO) values ('48','Carne','15');
Insert into PROYECTO_ENCUESTAS.OPCION (ID,TEXTO,PREGUNTA_NUMERO) values ('49','Pan','15');
Insert into PROYECTO_ENCUESTAS.OPCION (ID,TEXTO,PREGUNTA_NUMERO) values ('50','Otros...','15');
Insert into PROYECTO_ENCUESTAS.OPCION (ID,TEXTO,PREGUNTA_NUMERO) values ('51','La ultima semana','16');
Insert into PROYECTO_ENCUESTAS.OPCION (ID,TEXTO,PREGUNTA_NUMERO) values ('52','El ultimo mes','16');
Insert into PROYECTO_ENCUESTAS.OPCION (ID,TEXTO,PREGUNTA_NUMERO) values ('53','ultimos tres meses','16');
Insert into PROYECTO_ENCUESTAS.OPCION (ID,TEXTO,PREGUNTA_NUMERO) values ('54','ultimo año','16');
Insert into PROYECTO_ENCUESTAS.OPCION (ID,TEXTO,PREGUNTA_NUMERO) values ('55','Panecito','17');
Insert into PROYECTO_ENCUESTAS.OPCION (ID,TEXTO,PREGUNTA_NUMERO) values ('56','lechita','17');
Insert into PROYECTO_ENCUESTAS.OPCION (ID,TEXTO,PREGUNTA_NUMERO) values ('57','carnita','17');
Insert into PROYECTO_ENCUESTAS.OPCION (ID,TEXTO,PREGUNTA_NUMERO) values ('58','coronita','17');
Insert into PROYECTO_ENCUESTAS.OPCION (ID,TEXTO,PREGUNTA_NUMERO) values ('59','Redes sociales','18');
Insert into PROYECTO_ENCUESTAS.OPCION (ID,TEXTO,PREGUNTA_NUMERO) values ('60','Televisión','18');
Insert into PROYECTO_ENCUESTAS.OPCION (ID,TEXTO,PREGUNTA_NUMERO) values ('61','Internet','18');
Insert into PROYECTO_ENCUESTAS.OPCION (ID,TEXTO,PREGUNTA_NUMERO) values ('62','Anuncion','18');
Insert into PROYECTO_ENCUESTAS.OPCION (ID,TEXTO,PREGUNTA_NUMERO) values ('63','Otros','18');
Insert into PROYECTO_ENCUESTAS.OPCION (ID,TEXTO,PREGUNTA_NUMERO) values ('64','Mal','19');
Insert into PROYECTO_ENCUESTAS.OPCION (ID,TEXTO,PREGUNTA_NUMERO) values ('65','Regular','19');
Insert into PROYECTO_ENCUESTAS.OPCION (ID,TEXTO,PREGUNTA_NUMERO) values ('66','Bien','19');
Insert into PROYECTO_ENCUESTAS.OPCION (ID,TEXTO,PREGUNTA_NUMERO) values ('67','Excelente','19');
Insert into PROYECTO_ENCUESTAS.OPCION (ID,TEXTO,PREGUNTA_NUMERO) values ('68','SI','20');
Insert into PROYECTO_ENCUESTAS.OPCION (ID,TEXTO,PREGUNTA_NUMERO) values ('69','NO','20');
Insert into PROYECTO_ENCUESTAS.OPCION (ID,TEXTO,PREGUNTA_NUMERO) values ('70','Menos de 20 Dolares','21');
Insert into PROYECTO_ENCUESTAS.OPCION (ID,TEXTO,PREGUNTA_NUMERO) values ('71','Más de 30 Dolares','21');
Insert into PROYECTO_ENCUESTAS.OPCION (ID,TEXTO,PREGUNTA_NUMERO) values ('72','50 Dolares','21');
Insert into PROYECTO_ENCUESTAS.OPCION (ID,TEXTO,PREGUNTA_NUMERO) values ('73','Especifique','21');
Insert into PROYECTO_ENCUESTAS.OPCION (ID,TEXTO,PREGUNTA_NUMERO) values ('74','ARA','22');
Insert into PROYECTO_ENCUESTAS.OPCION (ID,TEXTO,PREGUNTA_NUMERO) values ('75','OLIMPICA','22');
Insert into PROYECTO_ENCUESTAS.OPCION (ID,TEXTO,PREGUNTA_NUMERO) values ('76','D1','22');
Insert into PROYECTO_ENCUESTAS.OPCION (ID,TEXTO,PREGUNTA_NUMERO) values ('77','SUPERINTER','22');
REM INSERTING into PROYECTO_ENCUESTAS.PAIS
SET DEFINE OFF;
Insert into PROYECTO_ENCUESTAS.PAIS (ID,NOMBRE) values ('1','COLOMBIA');
Insert into PROYECTO_ENCUESTAS.PAIS (ID,NOMBRE) values ('2','ECUADOR');
Insert into PROYECTO_ENCUESTAS.PAIS (ID,NOMBRE) values ('3','VENEZUELA');
Insert into PROYECTO_ENCUESTAS.PAIS (ID,NOMBRE) values ('4','BRAZIL');
Insert into PROYECTO_ENCUESTAS.PAIS (ID,NOMBRE) values ('5','PERU');
Insert into PROYECTO_ENCUESTAS.PAIS (ID,NOMBRE) values ('6','MEXICO');
Insert into PROYECTO_ENCUESTAS.PAIS (ID,NOMBRE) values ('7','EL SALVADOR');
Insert into PROYECTO_ENCUESTAS.PAIS (ID,NOMBRE) values ('8','BOLIVIA');
Insert into PROYECTO_ENCUESTAS.PAIS (ID,NOMBRE) values ('9','ARGENTINA');
Insert into PROYECTO_ENCUESTAS.PAIS (ID,NOMBRE) values ('10','CHILE');
REM INSERTING into PROYECTO_ENCUESTAS.PREGUNTA
SET DEFINE OFF;
Insert into PROYECTO_ENCUESTAS.PREGUNTA (NUMERO,TEXTO,ENCUESTA_ID,TIPO_CONDICION_ID) values ('1','¿QUE TIPOS DE INTERESES EXISTEN?','1','1');
Insert into PROYECTO_ENCUESTAS.PREGUNTA (NUMERO,TEXTO,ENCUESTA_ID,TIPO_CONDICION_ID) values ('2','¿CUAL ES LA DIFERENCIA ENTRE INTERES COMPUESTO Y INTERES SIMPPLE?','1','1');
Insert into PROYECTO_ENCUESTAS.PREGUNTA (NUMERO,TEXTO,ENCUESTA_ID,TIPO_CONDICION_ID) values ('3','¿QUE SON LOS ABONOS?','1','1');
Insert into PROYECTO_ENCUESTAS.PREGUNTA (NUMERO,TEXTO,ENCUESTA_ID,TIPO_CONDICION_ID) values ('4','DESCRIBA UN EJEMPLO DE ESTOS ABONOS','1','2');
Insert into PROYECTO_ENCUESTAS.PREGUNTA (NUMERO,TEXTO,ENCUESTA_ID,TIPO_CONDICION_ID) values ('5','Segun su experiencia con la agricultura orgánica, ¿qué posibilidades hay de que la recomiende? ','3','1');
Insert into PROYECTO_ENCUESTAS.PREGUNTA (NUMERO,TEXTO,ENCUESTA_ID,TIPO_CONDICION_ID) values ('6','¿Cuál es su fuente de información sobre productos orgánicos?','3','1');
Insert into PROYECTO_ENCUESTAS.PREGUNTA (NUMERO,TEXTO,ENCUESTA_ID,TIPO_CONDICION_ID) values ('7','¿Cuánto tiempo llevas usando productos orgánicos?','3','1');
Insert into PROYECTO_ENCUESTAS.PREGUNTA (NUMERO,TEXTO,ENCUESTA_ID,TIPO_CONDICION_ID) values ('8','Si compra productos orgánicos, ¿cuál de los siguientes productos compra?','3','1');
Insert into PROYECTO_ENCUESTAS.PREGUNTA (NUMERO,TEXTO,ENCUESTA_ID,TIPO_CONDICION_ID) values ('9','¿Donde obtine su productos orgánicos?','3','1');
Insert into PROYECTO_ENCUESTAS.PREGUNTA (NUMERO,TEXTO,ENCUESTA_ID,TIPO_CONDICION_ID) values ('10','¿Por qué le interesan los productos orgánicos?','3','1');
Insert into PROYECTO_ENCUESTAS.PREGUNTA (NUMERO,TEXTO,ENCUESTA_ID,TIPO_CONDICION_ID) values ('11','¿Cree que los productos orgánicos benefician su salud?','3','1');
Insert into PROYECTO_ENCUESTAS.PREGUNTA (NUMERO,TEXTO,ENCUESTA_ID,TIPO_CONDICION_ID) values ('12','¿Por qué compraría producto organicos?','3','1');
Insert into PROYECTO_ENCUESTAS.PREGUNTA (NUMERO,TEXTO,ENCUESTA_ID,TIPO_CONDICION_ID) values ('13','¿En promedio cuanto estaría dispuesto a pagar por arroz orgánico?','3','1');
Insert into PROYECTO_ENCUESTAS.PREGUNTA (NUMERO,TEXTO,ENCUESTA_ID,TIPO_CONDICION_ID) values ('14','¿Cree que los productos orgánicos son buenos para el medio ambiente?','3','1');
Insert into PROYECTO_ENCUESTAS.PREGUNTA (NUMERO,TEXTO,ENCUESTA_ID,TIPO_CONDICION_ID) values ('15','¿Cuál de los siguientes producto ha probado?','4','1');
Insert into PROYECTO_ENCUESTAS.PREGUNTA (NUMERO,TEXTO,ENCUESTA_ID,TIPO_CONDICION_ID) values ('16','¿Cuando fue la ultima vez que compro algún producto en nuestra tieneda?','4','1');
Insert into PROYECTO_ENCUESTAS.PREGUNTA (NUMERO,TEXTO,ENCUESTA_ID,TIPO_CONDICION_ID) values ('17','¿Cúal de estás marcas ha escuhado hablar más?','4','1');
Insert into PROYECTO_ENCUESTAS.PREGUNTA (NUMERO,TEXTO,ENCUESTA_ID,TIPO_CONDICION_ID) values ('18','¿Dónde has visto o escuchado sobre nuestra marca recientemente?','4','1');
Insert into PROYECTO_ENCUESTAS.PREGUNTA (NUMERO,TEXTO,ENCUESTA_ID,TIPO_CONDICION_ID) values ('19','¿Cómo se ha sentido cuando ha comprado alguno de nuestros productos?','4','1');
Insert into PROYECTO_ENCUESTAS.PREGUNTA (NUMERO,TEXTO,ENCUESTA_ID,TIPO_CONDICION_ID) values ('20','¿Utiliza una marca de nosotros actualmente?','4','1');
Insert into PROYECTO_ENCUESTAS.PREGUNTA (NUMERO,TEXTO,ENCUESTA_ID,TIPO_CONDICION_ID) values ('21','¿Cuanto gasta en promedio en las compras?','4','1');
Insert into PROYECTO_ENCUESTAS.PREGUNTA (NUMERO,TEXTO,ENCUESTA_ID,TIPO_CONDICION_ID) values ('22','¿Qué otros supermeados visita?','4','1');
REM INSERTING into PROYECTO_ENCUESTAS.PRESENTACION
SET DEFINE OFF;
Insert into PROYECTO_ENCUESTAS.PRESENTACION (ID,USUARIO_NUMERO_IDENTIFICACION,ENCUESTA_ID) values ('1','1','1');
Insert into PROYECTO_ENCUESTAS.PRESENTACION (ID,USUARIO_NUMERO_IDENTIFICACION,ENCUESTA_ID) values ('2','2','1');
Insert into PROYECTO_ENCUESTAS.PRESENTACION (ID,USUARIO_NUMERO_IDENTIFICACION,ENCUESTA_ID) values ('3','3','1');
Insert into PROYECTO_ENCUESTAS.PRESENTACION (ID,USUARIO_NUMERO_IDENTIFICACION,ENCUESTA_ID) values ('4','4','1');
Insert into PROYECTO_ENCUESTAS.PRESENTACION (ID,USUARIO_NUMERO_IDENTIFICACION,ENCUESTA_ID) values ('5','5','3');
Insert into PROYECTO_ENCUESTAS.PRESENTACION (ID,USUARIO_NUMERO_IDENTIFICACION,ENCUESTA_ID) values ('6','6','4');
REM INSERTING into PROYECTO_ENCUESTAS.RESPUESTA_USUARIO
SET DEFINE OFF;
Insert into PROYECTO_ENCUESTAS.RESPUESTA_USUARIO (OPCION_ID,PRESENTACION_ID) values ('1','1');
Insert into PROYECTO_ENCUESTAS.RESPUESTA_USUARIO (OPCION_ID,PRESENTACION_ID) values ('3','1');
Insert into PROYECTO_ENCUESTAS.RESPUESTA_USUARIO (OPCION_ID,PRESENTACION_ID) values ('6','1');
Insert into PROYECTO_ENCUESTAS.RESPUESTA_USUARIO (OPCION_ID,PRESENTACION_ID) values ('8','1');
Insert into PROYECTO_ENCUESTAS.RESPUESTA_USUARIO (OPCION_ID,PRESENTACION_ID) values ('10','5');
Insert into PROYECTO_ENCUESTAS.RESPUESTA_USUARIO (OPCION_ID,PRESENTACION_ID) values ('16','5');
Insert into PROYECTO_ENCUESTAS.RESPUESTA_USUARIO (OPCION_ID,PRESENTACION_ID) values ('20','5');
Insert into PROYECTO_ENCUESTAS.RESPUESTA_USUARIO (OPCION_ID,PRESENTACION_ID) values ('23','5');
Insert into PROYECTO_ENCUESTAS.RESPUESTA_USUARIO (OPCION_ID,PRESENTACION_ID) values ('30','5');
Insert into PROYECTO_ENCUESTAS.RESPUESTA_USUARIO (OPCION_ID,PRESENTACION_ID) values ('33','5');
Insert into PROYECTO_ENCUESTAS.RESPUESTA_USUARIO (OPCION_ID,PRESENTACION_ID) values ('34','5');
Insert into PROYECTO_ENCUESTAS.RESPUESTA_USUARIO (OPCION_ID,PRESENTACION_ID) values ('37','5');
Insert into PROYECTO_ENCUESTAS.RESPUESTA_USUARIO (OPCION_ID,PRESENTACION_ID) values ('40','5');
Insert into PROYECTO_ENCUESTAS.RESPUESTA_USUARIO (OPCION_ID,PRESENTACION_ID) values ('46','5');
Insert into PROYECTO_ENCUESTAS.RESPUESTA_USUARIO (OPCION_ID,PRESENTACION_ID) values ('47','6');
Insert into PROYECTO_ENCUESTAS.RESPUESTA_USUARIO (OPCION_ID,PRESENTACION_ID) values ('53','6');
Insert into PROYECTO_ENCUESTAS.RESPUESTA_USUARIO (OPCION_ID,PRESENTACION_ID) values ('58','6');
Insert into PROYECTO_ENCUESTAS.RESPUESTA_USUARIO (OPCION_ID,PRESENTACION_ID) values ('61','6');
Insert into PROYECTO_ENCUESTAS.RESPUESTA_USUARIO (OPCION_ID,PRESENTACION_ID) values ('66','6');
Insert into PROYECTO_ENCUESTAS.RESPUESTA_USUARIO (OPCION_ID,PRESENTACION_ID) values ('68','6');
Insert into PROYECTO_ENCUESTAS.RESPUESTA_USUARIO (OPCION_ID,PRESENTACION_ID) values ('72','6');
Insert into PROYECTO_ENCUESTAS.RESPUESTA_USUARIO (OPCION_ID,PRESENTACION_ID) values ('75','6');
REM INSERTING into PROYECTO_ENCUESTAS.SUBCATEGORIA
SET DEFINE OFF;
Insert into PROYECTO_ENCUESTAS.SUBCATEGORIA (ID,NOMBRE,CATEGORIA_ID) values ('12','PRODUCTOS','10');
Insert into PROYECTO_ENCUESTAS.SUBCATEGORIA (ID,NOMBRE,CATEGORIA_ID) values ('13','COMPRAS','10');
Insert into PROYECTO_ENCUESTAS.SUBCATEGORIA (ID,NOMBRE,CATEGORIA_ID) values ('14','VENTAS','10');
Insert into PROYECTO_ENCUESTAS.SUBCATEGORIA (ID,NOMBRE,CATEGORIA_ID) values ('15','PROMOCIONES','10');
Insert into PROYECTO_ENCUESTAS.SUBCATEGORIA (ID,NOMBRE,CATEGORIA_ID) values ('1','ARTES','1');
Insert into PROYECTO_ENCUESTAS.SUBCATEGORIA (ID,NOMBRE,CATEGORIA_ID) values ('2','ECONOMIA','2');
Insert into PROYECTO_ENCUESTAS.SUBCATEGORIA (ID,NOMBRE,CATEGORIA_ID) values ('3','ECONOMIA2','2');
Insert into PROYECTO_ENCUESTAS.SUBCATEGORIA (ID,NOMBRE,CATEGORIA_ID) values ('4','PROGRAMACION','3');
Insert into PROYECTO_ENCUESTAS.SUBCATEGORIA (ID,NOMBRE,CATEGORIA_ID) values ('5','PROGRAMACION2','3');
Insert into PROYECTO_ENCUESTAS.SUBCATEGORIA (ID,NOMBRE,CATEGORIA_ID) values ('6','PROGRAMACION3','3');
Insert into PROYECTO_ENCUESTAS.SUBCATEGORIA (ID,NOMBRE,CATEGORIA_ID) values ('7','MATEMATICAS','4');
Insert into PROYECTO_ENCUESTAS.SUBCATEGORIA (ID,NOMBRE,CATEGORIA_ID) values ('8','CALCULOINTEGRAL','4');
Insert into PROYECTO_ENCUESTAS.SUBCATEGORIA (ID,NOMBRE,CATEGORIA_ID) values ('9','CALCULODIFERENCIAL','4');
Insert into PROYECTO_ENCUESTAS.SUBCATEGORIA (ID,NOMBRE,CATEGORIA_ID) values ('10','CALCULO VECTORIAL','4');
Insert into PROYECTO_ENCUESTAS.SUBCATEGORIA (ID,NOMBRE,CATEGORIA_ID) values ('11','SOFTWARE','7');
REM INSERTING into PROYECTO_ENCUESTAS.TEMA
SET DEFINE OFF;
Insert into PROYECTO_ENCUESTAS.TEMA (ID," nombre") values ('1','CULTURA');
Insert into PROYECTO_ENCUESTAS.TEMA (ID," nombre") values ('2','IDIOMAS');
Insert into PROYECTO_ENCUESTAS.TEMA (ID," nombre") values ('3','CIENCIAS');
Insert into PROYECTO_ENCUESTAS.TEMA (ID," nombre") values ('4','MATEMATICAS');
Insert into PROYECTO_ENCUESTAS.TEMA (ID," nombre") values ('5','TECNOLOGIA');
Insert into PROYECTO_ENCUESTAS.TEMA (ID," nombre") values ('6','ARTES');
Insert into PROYECTO_ENCUESTAS.TEMA (ID," nombre") values ('7','HISTORIA');
Insert into PROYECTO_ENCUESTAS.TEMA (ID," nombre") values ('8','PROGRAMACION');
Insert into PROYECTO_ENCUESTAS.TEMA (ID," nombre") values ('9','ETICA');
Insert into PROYECTO_ENCUESTAS.TEMA (ID," nombre") values ('10','COMERCIO');
Insert into PROYECTO_ENCUESTAS.TEMA (ID," nombre") values ('11','PRODUCTOS');
Insert into PROYECTO_ENCUESTAS.TEMA (ID," nombre") values ('12','SALUD');
Insert into PROYECTO_ENCUESTAS.TEMA (ID," nombre") values ('13','ESTILOS DE VIDA');
REM INSERTING into PROYECTO_ENCUESTAS.TIPO_CONDICION
SET DEFINE OFF;
Insert into PROYECTO_ENCUESTAS.TIPO_CONDICION (ID,NOMBRE) values ('1','LIBRE');
Insert into PROYECTO_ENCUESTAS.TIPO_CONDICION (ID,NOMBRE) values ('2','PREGUNTA_ANTERIOR');
Insert into PROYECTO_ENCUESTAS.TIPO_CONDICION (ID,NOMBRE) values ('3','TODAS_PREGUNTAS');
REM INSERTING into PROYECTO_ENCUESTAS.TIPO_ENCUESTA
SET DEFINE OFF;
Insert into PROYECTO_ENCUESTAS.TIPO_ENCUESTA (ID,NOMBRE) values ('1','PARCIAL');
Insert into PROYECTO_ENCUESTAS.TIPO_ENCUESTA (ID,NOMBRE) values ('2','QUIZ');
Insert into PROYECTO_ENCUESTAS.TIPO_ENCUESTA (ID,NOMBRE) values ('3','SEGUIMIENTO');
REM INSERTING into PROYECTO_ENCUESTAS.USUARIO
SET DEFINE OFF;
Insert into PROYECTO_ENCUESTAS.USUARIO (NUMERO_IDENTIFICACION,NOMBRE,APELLIDOS,FECHA_NACIMIENTO,GENERO_ID,NIVEL_ESCOLAR_ID,CIUDAD_ID) values ('1','SEBASTIAN','BURGOS PUENTES',to_date('20/11/02','DD/MM/RR'),'1','4','1');
Insert into PROYECTO_ENCUESTAS.USUARIO (NUMERO_IDENTIFICACION,NOMBRE,APELLIDOS,FECHA_NACIMIENTO,GENERO_ID,NIVEL_ESCOLAR_ID,CIUDAD_ID) values ('2','MARIA','MINOTTA',to_date('03/02/01','DD/MM/RR'),'2','5','1');
Insert into PROYECTO_ENCUESTAS.USUARIO (NUMERO_IDENTIFICACION,NOMBRE,APELLIDOS,FECHA_NACIMIENTO,GENERO_ID,NIVEL_ESCOLAR_ID,CIUDAD_ID) values ('3','JOSE','ZAMBRANO',to_date('12/06/17','DD/MM/RR'),'1','3','1');
Insert into PROYECTO_ENCUESTAS.USUARIO (NUMERO_IDENTIFICACION,NOMBRE,APELLIDOS,FECHA_NACIMIENTO,GENERO_ID,NIVEL_ESCOLAR_ID,CIUDAD_ID) values ('4','JUAN','LOAIZA',to_date('09/08/09','DD/MM/RR'),'1','2','1');
Insert into PROYECTO_ENCUESTAS.USUARIO (NUMERO_IDENTIFICACION,NOMBRE,APELLIDOS,FECHA_NACIMIENTO,GENERO_ID,NIVEL_ESCOLAR_ID,CIUDAD_ID) values ('5','SARA','MARTINEZ',to_date('23/11/03','DD/MM/RR'),'2','4','1');
Insert into PROYECTO_ENCUESTAS.USUARIO (NUMERO_IDENTIFICACION,NOMBRE,APELLIDOS,FECHA_NACIMIENTO,GENERO_ID,NIVEL_ESCOLAR_ID,CIUDAD_ID) values ('6','Ernesto','Perez',to_date('14/10/01','DD/MM/RR'),'3','5','1');
REM INSERTING into PROYECTO_ENCUESTAS.USUARIO_TEMA
SET DEFINE OFF;
Insert into PROYECTO_ENCUESTAS.USUARIO_TEMA (TEMA_ID,USUARIO_NUMERO_IDENTIFICACION) values ('1','2');
Insert into PROYECTO_ENCUESTAS.USUARIO_TEMA (TEMA_ID,USUARIO_NUMERO_IDENTIFICACION) values ('1','4');
Insert into PROYECTO_ENCUESTAS.USUARIO_TEMA (TEMA_ID,USUARIO_NUMERO_IDENTIFICACION) values ('2','2');
Insert into PROYECTO_ENCUESTAS.USUARIO_TEMA (TEMA_ID,USUARIO_NUMERO_IDENTIFICACION) values ('2','3');
Insert into PROYECTO_ENCUESTAS.USUARIO_TEMA (TEMA_ID,USUARIO_NUMERO_IDENTIFICACION) values ('3','3');
Insert into PROYECTO_ENCUESTAS.USUARIO_TEMA (TEMA_ID,USUARIO_NUMERO_IDENTIFICACION) values ('5','2');
Insert into PROYECTO_ENCUESTAS.USUARIO_TEMA (TEMA_ID,USUARIO_NUMERO_IDENTIFICACION) values ('10','5');
Insert into PROYECTO_ENCUESTAS.USUARIO_TEMA (TEMA_ID,USUARIO_NUMERO_IDENTIFICACION) values ('10','6');
Insert into PROYECTO_ENCUESTAS.USUARIO_TEMA (TEMA_ID,USUARIO_NUMERO_IDENTIFICACION) values ('11','5');
Insert into PROYECTO_ENCUESTAS.USUARIO_TEMA (TEMA_ID,USUARIO_NUMERO_IDENTIFICACION) values ('11','6');
Insert into PROYECTO_ENCUESTAS.USUARIO_TEMA (TEMA_ID,USUARIO_NUMERO_IDENTIFICACION) values ('12','5');
Insert into PROYECTO_ENCUESTAS.USUARIO_TEMA (TEMA_ID,USUARIO_NUMERO_IDENTIFICACION) values ('12','6');
Insert into PROYECTO_ENCUESTAS.USUARIO_TEMA (TEMA_ID,USUARIO_NUMERO_IDENTIFICACION) values ('13','5');
Insert into PROYECTO_ENCUESTAS.USUARIO_TEMA (TEMA_ID,USUARIO_NUMERO_IDENTIFICACION) values ('13','6');
--------------------------------------------------------
--  DDL for Index CATEGORIA_PK
--------------------------------------------------------

  CREATE UNIQUE INDEX "PROYECTO_ENCUESTAS"."CATEGORIA_PK" ON "PROYECTO_ENCUESTAS"."CATEGORIA" ("ID") 
  PCTFREE 10 INITRANS 2 MAXTRANS 255 COMPUTE STATISTICS 
  STORAGE(INITIAL 65536 NEXT 1048576 MINEXTENTS 1 MAXEXTENTS 2147483645
  PCTINCREASE 0 FREELISTS 1 FREELIST GROUPS 1 BUFFER_POOL DEFAULT FLASH_CACHE DEFAULT CELL_FLASH_CACHE DEFAULT)
  TABLESPACE "SYSTEM" ;
--------------------------------------------------------
--  DDL for Index CIUDAD_PK
--------------------------------------------------------

  CREATE UNIQUE INDEX "PROYECTO_ENCUESTAS"."CIUDAD_PK" ON "PROYECTO_ENCUESTAS"."CIUDAD" ("ID") 
  PCTFREE 10 INITRANS 2 MAXTRANS 255 COMPUTE STATISTICS 
  STORAGE(INITIAL 65536 NEXT 1048576 MINEXTENTS 1 MAXEXTENTS 2147483645
  PCTINCREASE 0 FREELISTS 1 FREELIST GROUPS 1 BUFFER_POOL DEFAULT FLASH_CACHE DEFAULT CELL_FLASH_CACHE DEFAULT)
  TABLESPACE "SYSTEM" ;
--------------------------------------------------------
--  DDL for Index DEPARTAMENTO_PK
--------------------------------------------------------

  CREATE UNIQUE INDEX "PROYECTO_ENCUESTAS"."DEPARTAMENTO_PK" ON "PROYECTO_ENCUESTAS"."DEPARTAMENTO" ("ID") 
  PCTFREE 10 INITRANS 2 MAXTRANS 255 COMPUTE STATISTICS 
  STORAGE(INITIAL 65536 NEXT 1048576 MINEXTENTS 1 MAXEXTENTS 2147483645
  PCTINCREASE 0 FREELISTS 1 FREELIST GROUPS 1 BUFFER_POOL DEFAULT FLASH_CACHE DEFAULT CELL_FLASH_CACHE DEFAULT)
  TABLESPACE "SYSTEM" ;
--------------------------------------------------------
--  DDL for Index ENCUESTA_GRUPO_PK
--------------------------------------------------------

  CREATE UNIQUE INDEX "PROYECTO_ENCUESTAS"."ENCUESTA_GRUPO_PK" ON "PROYECTO_ENCUESTAS"."ENCUESTA_GRUPO" ("GRUPO_ID", "ENCUESTA_ID") 
  PCTFREE 10 INITRANS 2 MAXTRANS 255 COMPUTE STATISTICS 
  STORAGE(INITIAL 65536 NEXT 1048576 MINEXTENTS 1 MAXEXTENTS 2147483645
  PCTINCREASE 0 FREELISTS 1 FREELIST GROUPS 1 BUFFER_POOL DEFAULT FLASH_CACHE DEFAULT CELL_FLASH_CACHE DEFAULT)
  TABLESPACE "SYSTEM" ;
--------------------------------------------------------
--  DDL for Index ENCUESTA_PK
--------------------------------------------------------

  CREATE UNIQUE INDEX "PROYECTO_ENCUESTAS"."ENCUESTA_PK" ON "PROYECTO_ENCUESTAS"."ENCUESTA" ("ID") 
  PCTFREE 10 INITRANS 2 MAXTRANS 255 COMPUTE STATISTICS 
  STORAGE(INITIAL 65536 NEXT 1048576 MINEXTENTS 1 MAXEXTENTS 2147483645
  PCTINCREASE 0 FREELISTS 1 FREELIST GROUPS 1 BUFFER_POOL DEFAULT FLASH_CACHE DEFAULT CELL_FLASH_CACHE DEFAULT)
  TABLESPACE "SYSTEM" ;
--------------------------------------------------------
--  DDL for Index ENCUESTA_TIPO_ENCUESTA_PK
--------------------------------------------------------

  CREATE UNIQUE INDEX "PROYECTO_ENCUESTAS"."ENCUESTA_TIPO_ENCUESTA_PK" ON "PROYECTO_ENCUESTAS"."ENCUESTA_TIPO_ENCUESTA" ("ENCUESTA_ID", "TIPO_ENCUESTA_ID") 
  PCTFREE 10 INITRANS 2 MAXTRANS 255 COMPUTE STATISTICS 
  STORAGE(INITIAL 65536 NEXT 1048576 MINEXTENTS 1 MAXEXTENTS 2147483645
  PCTINCREASE 0 FREELISTS 1 FREELIST GROUPS 1 BUFFER_POOL DEFAULT FLASH_CACHE DEFAULT CELL_FLASH_CACHE DEFAULT)
  TABLESPACE "SYSTEM" ;
--------------------------------------------------------
--  DDL for Index ENCUESTA_USUARIO_PK
--------------------------------------------------------

  CREATE UNIQUE INDEX "PROYECTO_ENCUESTAS"."ENCUESTA_USUARIO_PK" ON "PROYECTO_ENCUESTAS"."PRESENTACION" ("ID") 
  PCTFREE 10 INITRANS 2 MAXTRANS 255 COMPUTE STATISTICS 
  STORAGE(INITIAL 65536 NEXT 1048576 MINEXTENTS 1 MAXEXTENTS 2147483645
  PCTINCREASE 0 FREELISTS 1 FREELIST GROUPS 1 BUFFER_POOL DEFAULT FLASH_CACHE DEFAULT CELL_FLASH_CACHE DEFAULT)
  TABLESPACE "SYSTEM" ;
--------------------------------------------------------
--  DDL for Index GENERO_PK
--------------------------------------------------------

  CREATE UNIQUE INDEX "PROYECTO_ENCUESTAS"."GENERO_PK" ON "PROYECTO_ENCUESTAS"."GENERO" ("ID") 
  PCTFREE 10 INITRANS 2 MAXTRANS 255 COMPUTE STATISTICS 
  STORAGE(INITIAL 65536 NEXT 1048576 MINEXTENTS 1 MAXEXTENTS 2147483645
  PCTINCREASE 0 FREELISTS 1 FREELIST GROUPS 1 BUFFER_POOL DEFAULT FLASH_CACHE DEFAULT CELL_FLASH_CACHE DEFAULT)
  TABLESPACE "SYSTEM" ;
--------------------------------------------------------
--  DDL for Index GRUPO_PK
--------------------------------------------------------

  CREATE UNIQUE INDEX "PROYECTO_ENCUESTAS"."GRUPO_PK" ON "PROYECTO_ENCUESTAS"."GRUPO" ("ID") 
  PCTFREE 10 INITRANS 2 MAXTRANS 255 COMPUTE STATISTICS 
  STORAGE(INITIAL 65536 NEXT 1048576 MINEXTENTS 1 MAXEXTENTS 2147483645
  PCTINCREASE 0 FREELISTS 1 FREELIST GROUPS 1 BUFFER_POOL DEFAULT FLASH_CACHE DEFAULT CELL_FLASH_CACHE DEFAULT)
  TABLESPACE "SYSTEM" ;
--------------------------------------------------------
--  DDL for Index NIVEL_ESCOLAR_PK
--------------------------------------------------------

  CREATE UNIQUE INDEX "PROYECTO_ENCUESTAS"."NIVEL_ESCOLAR_PK" ON "PROYECTO_ENCUESTAS"."NIVEL_ESCOLAR" ("ID") 
  PCTFREE 10 INITRANS 2 MAXTRANS 255 COMPUTE STATISTICS 
  STORAGE(INITIAL 65536 NEXT 1048576 MINEXTENTS 1 MAXEXTENTS 2147483645
  PCTINCREASE 0 FREELISTS 1 FREELIST GROUPS 1 BUFFER_POOL DEFAULT FLASH_CACHE DEFAULT CELL_FLASH_CACHE DEFAULT)
  TABLESPACE "SYSTEM" ;
--------------------------------------------------------
--  DDL for Index OPCION_PK
--------------------------------------------------------

  CREATE UNIQUE INDEX "PROYECTO_ENCUESTAS"."OPCION_PK" ON "PROYECTO_ENCUESTAS"."OPCION" ("ID") 
  PCTFREE 10 INITRANS 2 MAXTRANS 255 COMPUTE STATISTICS 
  STORAGE(INITIAL 65536 NEXT 1048576 MINEXTENTS 1 MAXEXTENTS 2147483645
  PCTINCREASE 0 FREELISTS 1 FREELIST GROUPS 1 BUFFER_POOL DEFAULT FLASH_CACHE DEFAULT CELL_FLASH_CACHE DEFAULT)
  TABLESPACE "SYSTEM" ;
--------------------------------------------------------
--  DDL for Index PAIS_PK
--------------------------------------------------------

  CREATE UNIQUE INDEX "PROYECTO_ENCUESTAS"."PAIS_PK" ON "PROYECTO_ENCUESTAS"."PAIS" ("ID") 
  PCTFREE 10 INITRANS 2 MAXTRANS 255 COMPUTE STATISTICS 
  STORAGE(INITIAL 65536 NEXT 1048576 MINEXTENTS 1 MAXEXTENTS 2147483645
  PCTINCREASE 0 FREELISTS 1 FREELIST GROUPS 1 BUFFER_POOL DEFAULT FLASH_CACHE DEFAULT CELL_FLASH_CACHE DEFAULT)
  TABLESPACE "SYSTEM" ;
--------------------------------------------------------
--  DDL for Index PREGUNTA_PK
--------------------------------------------------------

  CREATE UNIQUE INDEX "PROYECTO_ENCUESTAS"."PREGUNTA_PK" ON "PROYECTO_ENCUESTAS"."PREGUNTA" ("NUMERO") 
  PCTFREE 10 INITRANS 2 MAXTRANS 255 COMPUTE STATISTICS 
  STORAGE(INITIAL 65536 NEXT 1048576 MINEXTENTS 1 MAXEXTENTS 2147483645
  PCTINCREASE 0 FREELISTS 1 FREELIST GROUPS 1 BUFFER_POOL DEFAULT FLASH_CACHE DEFAULT CELL_FLASH_CACHE DEFAULT)
  TABLESPACE "SYSTEM" ;
--------------------------------------------------------
--  DDL for Index PRESENTACION__UNV1
--------------------------------------------------------

  CREATE UNIQUE INDEX "PROYECTO_ENCUESTAS"."PRESENTACION__UNV1" ON "PROYECTO_ENCUESTAS"."PRESENTACION" ("USUARIO_NUMERO_IDENTIFICACION", "ENCUESTA_ID") 
  PCTFREE 10 INITRANS 2 MAXTRANS 255 COMPUTE STATISTICS 
  STORAGE(INITIAL 65536 NEXT 1048576 MINEXTENTS 1 MAXEXTENTS 2147483645
  PCTINCREASE 0 FREELISTS 1 FREELIST GROUPS 1 BUFFER_POOL DEFAULT FLASH_CACHE DEFAULT CELL_FLASH_CACHE DEFAULT)
  TABLESPACE "SYSTEM" ;
--------------------------------------------------------
--  DDL for Index RESPUESTA_USUARIO_PK
--------------------------------------------------------

  CREATE UNIQUE INDEX "PROYECTO_ENCUESTAS"."RESPUESTA_USUARIO_PK" ON "PROYECTO_ENCUESTAS"."RESPUESTA_USUARIO" ("OPCION_ID", "PRESENTACION_ID") 
  PCTFREE 10 INITRANS 2 MAXTRANS 255 COMPUTE STATISTICS 
  STORAGE(INITIAL 65536 NEXT 1048576 MINEXTENTS 1 MAXEXTENTS 2147483645
  PCTINCREASE 0 FREELISTS 1 FREELIST GROUPS 1 BUFFER_POOL DEFAULT FLASH_CACHE DEFAULT CELL_FLASH_CACHE DEFAULT)
  TABLESPACE "SYSTEM" ;
--------------------------------------------------------
--  DDL for Index SUBCATEGORIA_PK
--------------------------------------------------------

  CREATE UNIQUE INDEX "PROYECTO_ENCUESTAS"."SUBCATEGORIA_PK" ON "PROYECTO_ENCUESTAS"."SUBCATEGORIA" ("ID") 
  PCTFREE 10 INITRANS 2 MAXTRANS 255 COMPUTE STATISTICS 
  STORAGE(INITIAL 65536 NEXT 1048576 MINEXTENTS 1 MAXEXTENTS 2147483645
  PCTINCREASE 0 FREELISTS 1 FREELIST GROUPS 1 BUFFER_POOL DEFAULT FLASH_CACHE DEFAULT CELL_FLASH_CACHE DEFAULT)
  TABLESPACE "SYSTEM" ;
--------------------------------------------------------
--  DDL for Index TEMA_PK
--------------------------------------------------------

  CREATE UNIQUE INDEX "PROYECTO_ENCUESTAS"."TEMA_PK" ON "PROYECTO_ENCUESTAS"."TEMA" ("ID") 
  PCTFREE 10 INITRANS 2 MAXTRANS 255 COMPUTE STATISTICS 
  STORAGE(INITIAL 65536 NEXT 1048576 MINEXTENTS 1 MAXEXTENTS 2147483645
  PCTINCREASE 0 FREELISTS 1 FREELIST GROUPS 1 BUFFER_POOL DEFAULT FLASH_CACHE DEFAULT CELL_FLASH_CACHE DEFAULT)
  TABLESPACE "SYSTEM" ;
--------------------------------------------------------
--  DDL for Index TIPO_CONDICION_PK
--------------------------------------------------------

  CREATE UNIQUE INDEX "PROYECTO_ENCUESTAS"."TIPO_CONDICION_PK" ON "PROYECTO_ENCUESTAS"."TIPO_CONDICION" ("ID") 
  PCTFREE 10 INITRANS 2 MAXTRANS 255 COMPUTE STATISTICS 
  STORAGE(INITIAL 65536 NEXT 1048576 MINEXTENTS 1 MAXEXTENTS 2147483645
  PCTINCREASE 0 FREELISTS 1 FREELIST GROUPS 1 BUFFER_POOL DEFAULT FLASH_CACHE DEFAULT CELL_FLASH_CACHE DEFAULT)
  TABLESPACE "SYSTEM" ;
--------------------------------------------------------
--  DDL for Index TIPO_ENCUESTA_PK
--------------------------------------------------------

  CREATE UNIQUE INDEX "PROYECTO_ENCUESTAS"."TIPO_ENCUESTA_PK" ON "PROYECTO_ENCUESTAS"."TIPO_ENCUESTA" ("ID") 
  PCTFREE 10 INITRANS 2 MAXTRANS 255 COMPUTE STATISTICS 
  STORAGE(INITIAL 65536 NEXT 1048576 MINEXTENTS 1 MAXEXTENTS 2147483645
  PCTINCREASE 0 FREELISTS 1 FREELIST GROUPS 1 BUFFER_POOL DEFAULT FLASH_CACHE DEFAULT CELL_FLASH_CACHE DEFAULT)
  TABLESPACE "SYSTEM" ;
--------------------------------------------------------
--  DDL for Index USUARIO_PK
--------------------------------------------------------

  CREATE UNIQUE INDEX "PROYECTO_ENCUESTAS"."USUARIO_PK" ON "PROYECTO_ENCUESTAS"."USUARIO" ("NUMERO_IDENTIFICACION") 
  PCTFREE 10 INITRANS 2 MAXTRANS 255 COMPUTE STATISTICS 
  STORAGE(INITIAL 65536 NEXT 1048576 MINEXTENTS 1 MAXEXTENTS 2147483645
  PCTINCREASE 0 FREELISTS 1 FREELIST GROUPS 1 BUFFER_POOL DEFAULT FLASH_CACHE DEFAULT CELL_FLASH_CACHE DEFAULT)
  TABLESPACE "SYSTEM" ;
--------------------------------------------------------
--  DDL for Index USUARIO_TEMA_PK
--------------------------------------------------------

  CREATE UNIQUE INDEX "PROYECTO_ENCUESTAS"."USUARIO_TEMA_PK" ON "PROYECTO_ENCUESTAS"."USUARIO_TEMA" ("TEMA_ID", "USUARIO_NUMERO_IDENTIFICACION") 
  PCTFREE 10 INITRANS 2 MAXTRANS 255 COMPUTE STATISTICS 
  STORAGE(INITIAL 65536 NEXT 1048576 MINEXTENTS 1 MAXEXTENTS 2147483645
  PCTINCREASE 0 FREELISTS 1 FREELIST GROUPS 1 BUFFER_POOL DEFAULT FLASH_CACHE DEFAULT CELL_FLASH_CACHE DEFAULT)
  TABLESPACE "SYSTEM" ;
--------------------------------------------------------
--  DDL for Index CATEGORIA_PK
--------------------------------------------------------

  CREATE UNIQUE INDEX "PROYECTO_ENCUESTAS"."CATEGORIA_PK" ON "PROYECTO_ENCUESTAS"."CATEGORIA" ("ID") 
  PCTFREE 10 INITRANS 2 MAXTRANS 255 COMPUTE STATISTICS 
  STORAGE(INITIAL 65536 NEXT 1048576 MINEXTENTS 1 MAXEXTENTS 2147483645
  PCTINCREASE 0 FREELISTS 1 FREELIST GROUPS 1 BUFFER_POOL DEFAULT FLASH_CACHE DEFAULT CELL_FLASH_CACHE DEFAULT)
  TABLESPACE "SYSTEM" ;
--------------------------------------------------------
--  DDL for Index CIUDAD_PK
--------------------------------------------------------

  CREATE UNIQUE INDEX "PROYECTO_ENCUESTAS"."CIUDAD_PK" ON "PROYECTO_ENCUESTAS"."CIUDAD" ("ID") 
  PCTFREE 10 INITRANS 2 MAXTRANS 255 COMPUTE STATISTICS 
  STORAGE(INITIAL 65536 NEXT 1048576 MINEXTENTS 1 MAXEXTENTS 2147483645
  PCTINCREASE 0 FREELISTS 1 FREELIST GROUPS 1 BUFFER_POOL DEFAULT FLASH_CACHE DEFAULT CELL_FLASH_CACHE DEFAULT)
  TABLESPACE "SYSTEM" ;
--------------------------------------------------------
--  DDL for Index DEPARTAMENTO_PK
--------------------------------------------------------

  CREATE UNIQUE INDEX "PROYECTO_ENCUESTAS"."DEPARTAMENTO_PK" ON "PROYECTO_ENCUESTAS"."DEPARTAMENTO" ("ID") 
  PCTFREE 10 INITRANS 2 MAXTRANS 255 COMPUTE STATISTICS 
  STORAGE(INITIAL 65536 NEXT 1048576 MINEXTENTS 1 MAXEXTENTS 2147483645
  PCTINCREASE 0 FREELISTS 1 FREELIST GROUPS 1 BUFFER_POOL DEFAULT FLASH_CACHE DEFAULT CELL_FLASH_CACHE DEFAULT)
  TABLESPACE "SYSTEM" ;
--------------------------------------------------------
--  DDL for Index ENCUESTA_PK
--------------------------------------------------------

  CREATE UNIQUE INDEX "PROYECTO_ENCUESTAS"."ENCUESTA_PK" ON "PROYECTO_ENCUESTAS"."ENCUESTA" ("ID") 
  PCTFREE 10 INITRANS 2 MAXTRANS 255 COMPUTE STATISTICS 
  STORAGE(INITIAL 65536 NEXT 1048576 MINEXTENTS 1 MAXEXTENTS 2147483645
  PCTINCREASE 0 FREELISTS 1 FREELIST GROUPS 1 BUFFER_POOL DEFAULT FLASH_CACHE DEFAULT CELL_FLASH_CACHE DEFAULT)
  TABLESPACE "SYSTEM" ;
--------------------------------------------------------
--  DDL for Index ENCUESTA_GRUPO_PK
--------------------------------------------------------

  CREATE UNIQUE INDEX "PROYECTO_ENCUESTAS"."ENCUESTA_GRUPO_PK" ON "PROYECTO_ENCUESTAS"."ENCUESTA_GRUPO" ("GRUPO_ID", "ENCUESTA_ID") 
  PCTFREE 10 INITRANS 2 MAXTRANS 255 COMPUTE STATISTICS 
  STORAGE(INITIAL 65536 NEXT 1048576 MINEXTENTS 1 MAXEXTENTS 2147483645
  PCTINCREASE 0 FREELISTS 1 FREELIST GROUPS 1 BUFFER_POOL DEFAULT FLASH_CACHE DEFAULT CELL_FLASH_CACHE DEFAULT)
  TABLESPACE "SYSTEM" ;
--------------------------------------------------------
--  DDL for Index ENCUESTA_TIPO_ENCUESTA_PK
--------------------------------------------------------

  CREATE UNIQUE INDEX "PROYECTO_ENCUESTAS"."ENCUESTA_TIPO_ENCUESTA_PK" ON "PROYECTO_ENCUESTAS"."ENCUESTA_TIPO_ENCUESTA" ("ENCUESTA_ID", "TIPO_ENCUESTA_ID") 
  PCTFREE 10 INITRANS 2 MAXTRANS 255 COMPUTE STATISTICS 
  STORAGE(INITIAL 65536 NEXT 1048576 MINEXTENTS 1 MAXEXTENTS 2147483645
  PCTINCREASE 0 FREELISTS 1 FREELIST GROUPS 1 BUFFER_POOL DEFAULT FLASH_CACHE DEFAULT CELL_FLASH_CACHE DEFAULT)
  TABLESPACE "SYSTEM" ;
--------------------------------------------------------
--  DDL for Index GENERO_PK
--------------------------------------------------------

  CREATE UNIQUE INDEX "PROYECTO_ENCUESTAS"."GENERO_PK" ON "PROYECTO_ENCUESTAS"."GENERO" ("ID") 
  PCTFREE 10 INITRANS 2 MAXTRANS 255 COMPUTE STATISTICS 
  STORAGE(INITIAL 65536 NEXT 1048576 MINEXTENTS 1 MAXEXTENTS 2147483645
  PCTINCREASE 0 FREELISTS 1 FREELIST GROUPS 1 BUFFER_POOL DEFAULT FLASH_CACHE DEFAULT CELL_FLASH_CACHE DEFAULT)
  TABLESPACE "SYSTEM" ;
--------------------------------------------------------
--  DDL for Index GRUPO_PK
--------------------------------------------------------

  CREATE UNIQUE INDEX "PROYECTO_ENCUESTAS"."GRUPO_PK" ON "PROYECTO_ENCUESTAS"."GRUPO" ("ID") 
  PCTFREE 10 INITRANS 2 MAXTRANS 255 COMPUTE STATISTICS 
  STORAGE(INITIAL 65536 NEXT 1048576 MINEXTENTS 1 MAXEXTENTS 2147483645
  PCTINCREASE 0 FREELISTS 1 FREELIST GROUPS 1 BUFFER_POOL DEFAULT FLASH_CACHE DEFAULT CELL_FLASH_CACHE DEFAULT)
  TABLESPACE "SYSTEM" ;
--------------------------------------------------------
--  DDL for Index NIVEL_ESCOLAR_PK
--------------------------------------------------------

  CREATE UNIQUE INDEX "PROYECTO_ENCUESTAS"."NIVEL_ESCOLAR_PK" ON "PROYECTO_ENCUESTAS"."NIVEL_ESCOLAR" ("ID") 
  PCTFREE 10 INITRANS 2 MAXTRANS 255 COMPUTE STATISTICS 
  STORAGE(INITIAL 65536 NEXT 1048576 MINEXTENTS 1 MAXEXTENTS 2147483645
  PCTINCREASE 0 FREELISTS 1 FREELIST GROUPS 1 BUFFER_POOL DEFAULT FLASH_CACHE DEFAULT CELL_FLASH_CACHE DEFAULT)
  TABLESPACE "SYSTEM" ;
--------------------------------------------------------
--  DDL for Index OPCION_PK
--------------------------------------------------------

  CREATE UNIQUE INDEX "PROYECTO_ENCUESTAS"."OPCION_PK" ON "PROYECTO_ENCUESTAS"."OPCION" ("ID") 
  PCTFREE 10 INITRANS 2 MAXTRANS 255 COMPUTE STATISTICS 
  STORAGE(INITIAL 65536 NEXT 1048576 MINEXTENTS 1 MAXEXTENTS 2147483645
  PCTINCREASE 0 FREELISTS 1 FREELIST GROUPS 1 BUFFER_POOL DEFAULT FLASH_CACHE DEFAULT CELL_FLASH_CACHE DEFAULT)
  TABLESPACE "SYSTEM" ;
--------------------------------------------------------
--  DDL for Index PAIS_PK
--------------------------------------------------------

  CREATE UNIQUE INDEX "PROYECTO_ENCUESTAS"."PAIS_PK" ON "PROYECTO_ENCUESTAS"."PAIS" ("ID") 
  PCTFREE 10 INITRANS 2 MAXTRANS 255 COMPUTE STATISTICS 
  STORAGE(INITIAL 65536 NEXT 1048576 MINEXTENTS 1 MAXEXTENTS 2147483645
  PCTINCREASE 0 FREELISTS 1 FREELIST GROUPS 1 BUFFER_POOL DEFAULT FLASH_CACHE DEFAULT CELL_FLASH_CACHE DEFAULT)
  TABLESPACE "SYSTEM" ;
--------------------------------------------------------
--  DDL for Index PREGUNTA_PK
--------------------------------------------------------

  CREATE UNIQUE INDEX "PROYECTO_ENCUESTAS"."PREGUNTA_PK" ON "PROYECTO_ENCUESTAS"."PREGUNTA" ("NUMERO") 
  PCTFREE 10 INITRANS 2 MAXTRANS 255 COMPUTE STATISTICS 
  STORAGE(INITIAL 65536 NEXT 1048576 MINEXTENTS 1 MAXEXTENTS 2147483645
  PCTINCREASE 0 FREELISTS 1 FREELIST GROUPS 1 BUFFER_POOL DEFAULT FLASH_CACHE DEFAULT CELL_FLASH_CACHE DEFAULT)
  TABLESPACE "SYSTEM" ;
--------------------------------------------------------
--  DDL for Index ENCUESTA_USUARIO_PK
--------------------------------------------------------

  CREATE UNIQUE INDEX "PROYECTO_ENCUESTAS"."ENCUESTA_USUARIO_PK" ON "PROYECTO_ENCUESTAS"."PRESENTACION" ("ID") 
  PCTFREE 10 INITRANS 2 MAXTRANS 255 COMPUTE STATISTICS 
  STORAGE(INITIAL 65536 NEXT 1048576 MINEXTENTS 1 MAXEXTENTS 2147483645
  PCTINCREASE 0 FREELISTS 1 FREELIST GROUPS 1 BUFFER_POOL DEFAULT FLASH_CACHE DEFAULT CELL_FLASH_CACHE DEFAULT)
  TABLESPACE "SYSTEM" ;
--------------------------------------------------------
--  DDL for Index PRESENTACION__UNV1
--------------------------------------------------------

  CREATE UNIQUE INDEX "PROYECTO_ENCUESTAS"."PRESENTACION__UNV1" ON "PROYECTO_ENCUESTAS"."PRESENTACION" ("USUARIO_NUMERO_IDENTIFICACION", "ENCUESTA_ID") 
  PCTFREE 10 INITRANS 2 MAXTRANS 255 COMPUTE STATISTICS 
  STORAGE(INITIAL 65536 NEXT 1048576 MINEXTENTS 1 MAXEXTENTS 2147483645
  PCTINCREASE 0 FREELISTS 1 FREELIST GROUPS 1 BUFFER_POOL DEFAULT FLASH_CACHE DEFAULT CELL_FLASH_CACHE DEFAULT)
  TABLESPACE "SYSTEM" ;
--------------------------------------------------------
--  DDL for Index RESPUESTA_USUARIO_PK
--------------------------------------------------------

  CREATE UNIQUE INDEX "PROYECTO_ENCUESTAS"."RESPUESTA_USUARIO_PK" ON "PROYECTO_ENCUESTAS"."RESPUESTA_USUARIO" ("OPCION_ID", "PRESENTACION_ID") 
  PCTFREE 10 INITRANS 2 MAXTRANS 255 COMPUTE STATISTICS 
  STORAGE(INITIAL 65536 NEXT 1048576 MINEXTENTS 1 MAXEXTENTS 2147483645
  PCTINCREASE 0 FREELISTS 1 FREELIST GROUPS 1 BUFFER_POOL DEFAULT FLASH_CACHE DEFAULT CELL_FLASH_CACHE DEFAULT)
  TABLESPACE "SYSTEM" ;
--------------------------------------------------------
--  DDL for Index SUBCATEGORIA_PK
--------------------------------------------------------

  CREATE UNIQUE INDEX "PROYECTO_ENCUESTAS"."SUBCATEGORIA_PK" ON "PROYECTO_ENCUESTAS"."SUBCATEGORIA" ("ID") 
  PCTFREE 10 INITRANS 2 MAXTRANS 255 COMPUTE STATISTICS 
  STORAGE(INITIAL 65536 NEXT 1048576 MINEXTENTS 1 MAXEXTENTS 2147483645
  PCTINCREASE 0 FREELISTS 1 FREELIST GROUPS 1 BUFFER_POOL DEFAULT FLASH_CACHE DEFAULT CELL_FLASH_CACHE DEFAULT)
  TABLESPACE "SYSTEM" ;
--------------------------------------------------------
--  DDL for Index TEMA_PK
--------------------------------------------------------

  CREATE UNIQUE INDEX "PROYECTO_ENCUESTAS"."TEMA_PK" ON "PROYECTO_ENCUESTAS"."TEMA" ("ID") 
  PCTFREE 10 INITRANS 2 MAXTRANS 255 COMPUTE STATISTICS 
  STORAGE(INITIAL 65536 NEXT 1048576 MINEXTENTS 1 MAXEXTENTS 2147483645
  PCTINCREASE 0 FREELISTS 1 FREELIST GROUPS 1 BUFFER_POOL DEFAULT FLASH_CACHE DEFAULT CELL_FLASH_CACHE DEFAULT)
  TABLESPACE "SYSTEM" ;
--------------------------------------------------------
--  DDL for Index TIPO_CONDICION_PK
--------------------------------------------------------

  CREATE UNIQUE INDEX "PROYECTO_ENCUESTAS"."TIPO_CONDICION_PK" ON "PROYECTO_ENCUESTAS"."TIPO_CONDICION" ("ID") 
  PCTFREE 10 INITRANS 2 MAXTRANS 255 COMPUTE STATISTICS 
  STORAGE(INITIAL 65536 NEXT 1048576 MINEXTENTS 1 MAXEXTENTS 2147483645
  PCTINCREASE 0 FREELISTS 1 FREELIST GROUPS 1 BUFFER_POOL DEFAULT FLASH_CACHE DEFAULT CELL_FLASH_CACHE DEFAULT)
  TABLESPACE "SYSTEM" ;
--------------------------------------------------------
--  DDL for Index TIPO_ENCUESTA_PK
--------------------------------------------------------

  CREATE UNIQUE INDEX "PROYECTO_ENCUESTAS"."TIPO_ENCUESTA_PK" ON "PROYECTO_ENCUESTAS"."TIPO_ENCUESTA" ("ID") 
  PCTFREE 10 INITRANS 2 MAXTRANS 255 COMPUTE STATISTICS 
  STORAGE(INITIAL 65536 NEXT 1048576 MINEXTENTS 1 MAXEXTENTS 2147483645
  PCTINCREASE 0 FREELISTS 1 FREELIST GROUPS 1 BUFFER_POOL DEFAULT FLASH_CACHE DEFAULT CELL_FLASH_CACHE DEFAULT)
  TABLESPACE "SYSTEM" ;
--------------------------------------------------------
--  DDL for Index USUARIO_PK
--------------------------------------------------------

  CREATE UNIQUE INDEX "PROYECTO_ENCUESTAS"."USUARIO_PK" ON "PROYECTO_ENCUESTAS"."USUARIO" ("NUMERO_IDENTIFICACION") 
  PCTFREE 10 INITRANS 2 MAXTRANS 255 COMPUTE STATISTICS 
  STORAGE(INITIAL 65536 NEXT 1048576 MINEXTENTS 1 MAXEXTENTS 2147483645
  PCTINCREASE 0 FREELISTS 1 FREELIST GROUPS 1 BUFFER_POOL DEFAULT FLASH_CACHE DEFAULT CELL_FLASH_CACHE DEFAULT)
  TABLESPACE "SYSTEM" ;
--------------------------------------------------------
--  DDL for Index USUARIO_TEMA_PK
--------------------------------------------------------

  CREATE UNIQUE INDEX "PROYECTO_ENCUESTAS"."USUARIO_TEMA_PK" ON "PROYECTO_ENCUESTAS"."USUARIO_TEMA" ("TEMA_ID", "USUARIO_NUMERO_IDENTIFICACION") 
  PCTFREE 10 INITRANS 2 MAXTRANS 255 COMPUTE STATISTICS 
  STORAGE(INITIAL 65536 NEXT 1048576 MINEXTENTS 1 MAXEXTENTS 2147483645
  PCTINCREASE 0 FREELISTS 1 FREELIST GROUPS 1 BUFFER_POOL DEFAULT FLASH_CACHE DEFAULT CELL_FLASH_CACHE DEFAULT)
  TABLESPACE "SYSTEM" ;
--------------------------------------------------------
--  Constraints for Table CATEGORIA
--------------------------------------------------------

  ALTER TABLE "PROYECTO_ENCUESTAS"."CATEGORIA" ADD CONSTRAINT "CATEGORIA_PK" PRIMARY KEY ("ID")
  USING INDEX PCTFREE 10 INITRANS 2 MAXTRANS 255 COMPUTE STATISTICS 
  STORAGE(INITIAL 65536 NEXT 1048576 MINEXTENTS 1 MAXEXTENTS 2147483645
  PCTINCREASE 0 FREELISTS 1 FREELIST GROUPS 1 BUFFER_POOL DEFAULT FLASH_CACHE DEFAULT CELL_FLASH_CACHE DEFAULT)
  TABLESPACE "SYSTEM"  ENABLE;
  ALTER TABLE "PROYECTO_ENCUESTAS"."CATEGORIA" MODIFY ("NOMBRE" NOT NULL ENABLE);
  ALTER TABLE "PROYECTO_ENCUESTAS"."CATEGORIA" MODIFY ("ID" NOT NULL ENABLE);
--------------------------------------------------------
--  Constraints for Table CIUDAD
--------------------------------------------------------

  ALTER TABLE "PROYECTO_ENCUESTAS"."CIUDAD" ADD CONSTRAINT "CIUDAD_PK" PRIMARY KEY ("ID")
  USING INDEX PCTFREE 10 INITRANS 2 MAXTRANS 255 COMPUTE STATISTICS 
  STORAGE(INITIAL 65536 NEXT 1048576 MINEXTENTS 1 MAXEXTENTS 2147483645
  PCTINCREASE 0 FREELISTS 1 FREELIST GROUPS 1 BUFFER_POOL DEFAULT FLASH_CACHE DEFAULT CELL_FLASH_CACHE DEFAULT)
  TABLESPACE "SYSTEM"  ENABLE;
  ALTER TABLE "PROYECTO_ENCUESTAS"."CIUDAD" MODIFY ("DEPARTAMENTO_ID" NOT NULL ENABLE);
  ALTER TABLE "PROYECTO_ENCUESTAS"."CIUDAD" MODIFY ("NOMBRE" NOT NULL ENABLE);
  ALTER TABLE "PROYECTO_ENCUESTAS"."CIUDAD" MODIFY ("ID" NOT NULL ENABLE);
--------------------------------------------------------
--  Constraints for Table DEPARTAMENTO
--------------------------------------------------------

  ALTER TABLE "PROYECTO_ENCUESTAS"."DEPARTAMENTO" ADD CONSTRAINT "DEPARTAMENTO_PK" PRIMARY KEY ("ID")
  USING INDEX PCTFREE 10 INITRANS 2 MAXTRANS 255 COMPUTE STATISTICS 
  STORAGE(INITIAL 65536 NEXT 1048576 MINEXTENTS 1 MAXEXTENTS 2147483645
  PCTINCREASE 0 FREELISTS 1 FREELIST GROUPS 1 BUFFER_POOL DEFAULT FLASH_CACHE DEFAULT CELL_FLASH_CACHE DEFAULT)
  TABLESPACE "SYSTEM"  ENABLE;
  ALTER TABLE "PROYECTO_ENCUESTAS"."DEPARTAMENTO" MODIFY ("PAIS_ID" NOT NULL ENABLE);
  ALTER TABLE "PROYECTO_ENCUESTAS"."DEPARTAMENTO" MODIFY ("ID" NOT NULL ENABLE);
--------------------------------------------------------
--  Constraints for Table ENCUESTA
--------------------------------------------------------

  ALTER TABLE "PROYECTO_ENCUESTAS"."ENCUESTA" ADD CONSTRAINT "ENCUESTA_PK" PRIMARY KEY ("ID")
  USING INDEX PCTFREE 10 INITRANS 2 MAXTRANS 255 COMPUTE STATISTICS 
  STORAGE(INITIAL 65536 NEXT 1048576 MINEXTENTS 1 MAXEXTENTS 2147483645
  PCTINCREASE 0 FREELISTS 1 FREELIST GROUPS 1 BUFFER_POOL DEFAULT FLASH_CACHE DEFAULT CELL_FLASH_CACHE DEFAULT)
  TABLESPACE "SYSTEM"  ENABLE;
  ALTER TABLE "PROYECTO_ENCUESTAS"."ENCUESTA" MODIFY ("GENERO_OBJETIVO_ID" NOT NULL ENABLE);
  ALTER TABLE "PROYECTO_ENCUESTAS"."ENCUESTA" MODIFY ("SUBCATEGORIA_ID" NOT NULL ENABLE);
  ALTER TABLE "PROYECTO_ENCUESTAS"."ENCUESTA" MODIFY ("RANGO_EDAD_MAXIMO" NOT NULL ENABLE);
  ALTER TABLE "PROYECTO_ENCUESTAS"."ENCUESTA" MODIFY ("RANGO_EDAD_MINIMO" NOT NULL ENABLE);
  ALTER TABLE "PROYECTO_ENCUESTAS"."ENCUESTA" MODIFY ("OBJETIVO" NOT NULL ENABLE);
  ALTER TABLE "PROYECTO_ENCUESTAS"."ENCUESTA" MODIFY ("CANTIDAD_PERSONAS_MAXIMA" NOT NULL ENABLE);
  ALTER TABLE "PROYECTO_ENCUESTAS"."ENCUESTA" MODIFY ("FECHA_FIN_DISPONIBILIDAD" NOT NULL ENABLE);
  ALTER TABLE "PROYECTO_ENCUESTAS"."ENCUESTA" MODIFY ("FECHA_INICIO_DISPONIBILIDAD" NOT NULL ENABLE);
  ALTER TABLE "PROYECTO_ENCUESTAS"."ENCUESTA" MODIFY ("DESCRIPCION" NOT NULL ENABLE);
  ALTER TABLE "PROYECTO_ENCUESTAS"."ENCUESTA" MODIFY ("NOMBRE" NOT NULL ENABLE);
  ALTER TABLE "PROYECTO_ENCUESTAS"."ENCUESTA" MODIFY ("ID" NOT NULL ENABLE);
--------------------------------------------------------
--  Constraints for Table ENCUESTA_GRUPO
--------------------------------------------------------

  ALTER TABLE "PROYECTO_ENCUESTAS"."ENCUESTA_GRUPO" ADD CONSTRAINT "ENCUESTA_GRUPO_PK" PRIMARY KEY ("GRUPO_ID", "ENCUESTA_ID")
  USING INDEX PCTFREE 10 INITRANS 2 MAXTRANS 255 COMPUTE STATISTICS 
  STORAGE(INITIAL 65536 NEXT 1048576 MINEXTENTS 1 MAXEXTENTS 2147483645
  PCTINCREASE 0 FREELISTS 1 FREELIST GROUPS 1 BUFFER_POOL DEFAULT FLASH_CACHE DEFAULT CELL_FLASH_CACHE DEFAULT)
  TABLESPACE "SYSTEM"  ENABLE;
  ALTER TABLE "PROYECTO_ENCUESTAS"."ENCUESTA_GRUPO" MODIFY ("ENCUESTA_ID" NOT NULL ENABLE);
  ALTER TABLE "PROYECTO_ENCUESTAS"."ENCUESTA_GRUPO" MODIFY ("GRUPO_ID" NOT NULL ENABLE);
--------------------------------------------------------
--  Constraints for Table ENCUESTA_TIPO_ENCUESTA
--------------------------------------------------------

  ALTER TABLE "PROYECTO_ENCUESTAS"."ENCUESTA_TIPO_ENCUESTA" ADD CONSTRAINT "ENCUESTA_TIPO_ENCUESTA_PK" PRIMARY KEY ("ENCUESTA_ID", "TIPO_ENCUESTA_ID")
  USING INDEX PCTFREE 10 INITRANS 2 MAXTRANS 255 COMPUTE STATISTICS 
  STORAGE(INITIAL 65536 NEXT 1048576 MINEXTENTS 1 MAXEXTENTS 2147483645
  PCTINCREASE 0 FREELISTS 1 FREELIST GROUPS 1 BUFFER_POOL DEFAULT FLASH_CACHE DEFAULT CELL_FLASH_CACHE DEFAULT)
  TABLESPACE "SYSTEM"  ENABLE;
  ALTER TABLE "PROYECTO_ENCUESTAS"."ENCUESTA_TIPO_ENCUESTA" MODIFY ("TIPO_ENCUESTA_ID" NOT NULL ENABLE);
  ALTER TABLE "PROYECTO_ENCUESTAS"."ENCUESTA_TIPO_ENCUESTA" MODIFY ("ENCUESTA_ID" NOT NULL ENABLE);
--------------------------------------------------------
--  Constraints for Table GENERO
--------------------------------------------------------

  ALTER TABLE "PROYECTO_ENCUESTAS"."GENERO" ADD CONSTRAINT "GENERO_PK" PRIMARY KEY ("ID")
  USING INDEX PCTFREE 10 INITRANS 2 MAXTRANS 255 COMPUTE STATISTICS 
  STORAGE(INITIAL 65536 NEXT 1048576 MINEXTENTS 1 MAXEXTENTS 2147483645
  PCTINCREASE 0 FREELISTS 1 FREELIST GROUPS 1 BUFFER_POOL DEFAULT FLASH_CACHE DEFAULT CELL_FLASH_CACHE DEFAULT)
  TABLESPACE "SYSTEM"  ENABLE;
  ALTER TABLE "PROYECTO_ENCUESTAS"."GENERO" MODIFY ("NOMBRE" NOT NULL ENABLE);
  ALTER TABLE "PROYECTO_ENCUESTAS"."GENERO" MODIFY ("ID" NOT NULL ENABLE);
--------------------------------------------------------
--  Constraints for Table GRUPO
--------------------------------------------------------

  ALTER TABLE "PROYECTO_ENCUESTAS"."GRUPO" ADD CONSTRAINT "GRUPO_PK" PRIMARY KEY ("ID")
  USING INDEX PCTFREE 10 INITRANS 2 MAXTRANS 255 COMPUTE STATISTICS 
  STORAGE(INITIAL 65536 NEXT 1048576 MINEXTENTS 1 MAXEXTENTS 2147483645
  PCTINCREASE 0 FREELISTS 1 FREELIST GROUPS 1 BUFFER_POOL DEFAULT FLASH_CACHE DEFAULT CELL_FLASH_CACHE DEFAULT)
  TABLESPACE "SYSTEM"  ENABLE;
  ALTER TABLE "PROYECTO_ENCUESTAS"."GRUPO" MODIFY ("NOMBRE" NOT NULL ENABLE);
  ALTER TABLE "PROYECTO_ENCUESTAS"."GRUPO" MODIFY ("ID" NOT NULL ENABLE);
--------------------------------------------------------
--  Constraints for Table NIVEL_ESCOLAR
--------------------------------------------------------

  ALTER TABLE "PROYECTO_ENCUESTAS"."NIVEL_ESCOLAR" ADD CONSTRAINT "NIVEL_ESCOLAR_PK" PRIMARY KEY ("ID")
  USING INDEX PCTFREE 10 INITRANS 2 MAXTRANS 255 COMPUTE STATISTICS 
  STORAGE(INITIAL 65536 NEXT 1048576 MINEXTENTS 1 MAXEXTENTS 2147483645
  PCTINCREASE 0 FREELISTS 1 FREELIST GROUPS 1 BUFFER_POOL DEFAULT FLASH_CACHE DEFAULT CELL_FLASH_CACHE DEFAULT)
  TABLESPACE "SYSTEM"  ENABLE;
  ALTER TABLE "PROYECTO_ENCUESTAS"."NIVEL_ESCOLAR" MODIFY ("NOMBRE" NOT NULL ENABLE);
  ALTER TABLE "PROYECTO_ENCUESTAS"."NIVEL_ESCOLAR" MODIFY ("ID" NOT NULL ENABLE);
--------------------------------------------------------
--  Constraints for Table OPCION
--------------------------------------------------------

  ALTER TABLE "PROYECTO_ENCUESTAS"."OPCION" ADD CONSTRAINT "OPCION_PK" PRIMARY KEY ("ID")
  USING INDEX PCTFREE 10 INITRANS 2 MAXTRANS 255 COMPUTE STATISTICS 
  STORAGE(INITIAL 65536 NEXT 1048576 MINEXTENTS 1 MAXEXTENTS 2147483645
  PCTINCREASE 0 FREELISTS 1 FREELIST GROUPS 1 BUFFER_POOL DEFAULT FLASH_CACHE DEFAULT CELL_FLASH_CACHE DEFAULT)
  TABLESPACE "SYSTEM"  ENABLE;
  ALTER TABLE "PROYECTO_ENCUESTAS"."OPCION" MODIFY ("PREGUNTA_NUMERO" NOT NULL ENABLE);
  ALTER TABLE "PROYECTO_ENCUESTAS"."OPCION" MODIFY ("TEXTO" NOT NULL ENABLE);
  ALTER TABLE "PROYECTO_ENCUESTAS"."OPCION" MODIFY ("ID" NOT NULL ENABLE);
--------------------------------------------------------
--  Constraints for Table PAIS
--------------------------------------------------------

  ALTER TABLE "PROYECTO_ENCUESTAS"."PAIS" ADD CONSTRAINT "PAIS_PK" PRIMARY KEY ("ID")
  USING INDEX PCTFREE 10 INITRANS 2 MAXTRANS 255 COMPUTE STATISTICS 
  STORAGE(INITIAL 65536 NEXT 1048576 MINEXTENTS 1 MAXEXTENTS 2147483645
  PCTINCREASE 0 FREELISTS 1 FREELIST GROUPS 1 BUFFER_POOL DEFAULT FLASH_CACHE DEFAULT CELL_FLASH_CACHE DEFAULT)
  TABLESPACE "SYSTEM"  ENABLE;
  ALTER TABLE "PROYECTO_ENCUESTAS"."PAIS" MODIFY ("NOMBRE" NOT NULL ENABLE);
  ALTER TABLE "PROYECTO_ENCUESTAS"."PAIS" MODIFY ("ID" NOT NULL ENABLE);
--------------------------------------------------------
--  Constraints for Table PREGUNTA
--------------------------------------------------------

  ALTER TABLE "PROYECTO_ENCUESTAS"."PREGUNTA" ADD CONSTRAINT "PREGUNTA_PK" PRIMARY KEY ("NUMERO")
  USING INDEX PCTFREE 10 INITRANS 2 MAXTRANS 255 COMPUTE STATISTICS 
  STORAGE(INITIAL 65536 NEXT 1048576 MINEXTENTS 1 MAXEXTENTS 2147483645
  PCTINCREASE 0 FREELISTS 1 FREELIST GROUPS 1 BUFFER_POOL DEFAULT FLASH_CACHE DEFAULT CELL_FLASH_CACHE DEFAULT)
  TABLESPACE "SYSTEM"  ENABLE;
  ALTER TABLE "PROYECTO_ENCUESTAS"."PREGUNTA" MODIFY ("TIPO_CONDICION_ID" NOT NULL ENABLE);
  ALTER TABLE "PROYECTO_ENCUESTAS"."PREGUNTA" MODIFY ("ENCUESTA_ID" NOT NULL ENABLE);
  ALTER TABLE "PROYECTO_ENCUESTAS"."PREGUNTA" MODIFY ("TEXTO" NOT NULL ENABLE);
  ALTER TABLE "PROYECTO_ENCUESTAS"."PREGUNTA" MODIFY ("NUMERO" NOT NULL ENABLE);
--------------------------------------------------------
--  Constraints for Table PRESENTACION
--------------------------------------------------------

  ALTER TABLE "PROYECTO_ENCUESTAS"."PRESENTACION" ADD CONSTRAINT "PRESENTACION__UNV1" UNIQUE ("USUARIO_NUMERO_IDENTIFICACION", "ENCUESTA_ID")
  USING INDEX PCTFREE 10 INITRANS 2 MAXTRANS 255 COMPUTE STATISTICS 
  STORAGE(INITIAL 65536 NEXT 1048576 MINEXTENTS 1 MAXEXTENTS 2147483645
  PCTINCREASE 0 FREELISTS 1 FREELIST GROUPS 1 BUFFER_POOL DEFAULT FLASH_CACHE DEFAULT CELL_FLASH_CACHE DEFAULT)
  TABLESPACE "SYSTEM"  ENABLE;
  ALTER TABLE "PROYECTO_ENCUESTAS"."PRESENTACION" ADD CONSTRAINT "ENCUESTA_USUARIO_PK" PRIMARY KEY ("ID")
  USING INDEX PCTFREE 10 INITRANS 2 MAXTRANS 255 COMPUTE STATISTICS 
  STORAGE(INITIAL 65536 NEXT 1048576 MINEXTENTS 1 MAXEXTENTS 2147483645
  PCTINCREASE 0 FREELISTS 1 FREELIST GROUPS 1 BUFFER_POOL DEFAULT FLASH_CACHE DEFAULT CELL_FLASH_CACHE DEFAULT)
  TABLESPACE "SYSTEM"  ENABLE;
  ALTER TABLE "PROYECTO_ENCUESTAS"."PRESENTACION" MODIFY ("ENCUESTA_ID" NOT NULL ENABLE);
  ALTER TABLE "PROYECTO_ENCUESTAS"."PRESENTACION" MODIFY ("USUARIO_NUMERO_IDENTIFICACION" NOT NULL ENABLE);
  ALTER TABLE "PROYECTO_ENCUESTAS"."PRESENTACION" MODIFY ("ID" NOT NULL ENABLE);
--------------------------------------------------------
--  Constraints for Table RESPUESTA_USUARIO
--------------------------------------------------------

  ALTER TABLE "PROYECTO_ENCUESTAS"."RESPUESTA_USUARIO" ADD CONSTRAINT "RESPUESTA_USUARIO_PK" PRIMARY KEY ("OPCION_ID", "PRESENTACION_ID")
  USING INDEX PCTFREE 10 INITRANS 2 MAXTRANS 255 COMPUTE STATISTICS 
  STORAGE(INITIAL 65536 NEXT 1048576 MINEXTENTS 1 MAXEXTENTS 2147483645
  PCTINCREASE 0 FREELISTS 1 FREELIST GROUPS 1 BUFFER_POOL DEFAULT FLASH_CACHE DEFAULT CELL_FLASH_CACHE DEFAULT)
  TABLESPACE "SYSTEM"  ENABLE;
  ALTER TABLE "PROYECTO_ENCUESTAS"."RESPUESTA_USUARIO" MODIFY ("PRESENTACION_ID" NOT NULL ENABLE);
  ALTER TABLE "PROYECTO_ENCUESTAS"."RESPUESTA_USUARIO" MODIFY ("OPCION_ID" NOT NULL ENABLE);
--------------------------------------------------------
--  Constraints for Table SUBCATEGORIA
--------------------------------------------------------

  ALTER TABLE "PROYECTO_ENCUESTAS"."SUBCATEGORIA" ADD CONSTRAINT "SUBCATEGORIA_PK" PRIMARY KEY ("ID")
  USING INDEX PCTFREE 10 INITRANS 2 MAXTRANS 255 COMPUTE STATISTICS 
  STORAGE(INITIAL 65536 NEXT 1048576 MINEXTENTS 1 MAXEXTENTS 2147483645
  PCTINCREASE 0 FREELISTS 1 FREELIST GROUPS 1 BUFFER_POOL DEFAULT FLASH_CACHE DEFAULT CELL_FLASH_CACHE DEFAULT)
  TABLESPACE "SYSTEM"  ENABLE;
  ALTER TABLE "PROYECTO_ENCUESTAS"."SUBCATEGORIA" MODIFY ("CATEGORIA_ID" NOT NULL ENABLE);
  ALTER TABLE "PROYECTO_ENCUESTAS"."SUBCATEGORIA" MODIFY ("NOMBRE" NOT NULL ENABLE);
  ALTER TABLE "PROYECTO_ENCUESTAS"."SUBCATEGORIA" MODIFY ("ID" NOT NULL ENABLE);
--------------------------------------------------------
--  Constraints for Table TEMA
--------------------------------------------------------

  ALTER TABLE "PROYECTO_ENCUESTAS"."TEMA" ADD CONSTRAINT "TEMA_PK" PRIMARY KEY ("ID")
  USING INDEX PCTFREE 10 INITRANS 2 MAXTRANS 255 COMPUTE STATISTICS 
  STORAGE(INITIAL 65536 NEXT 1048576 MINEXTENTS 1 MAXEXTENTS 2147483645
  PCTINCREASE 0 FREELISTS 1 FREELIST GROUPS 1 BUFFER_POOL DEFAULT FLASH_CACHE DEFAULT CELL_FLASH_CACHE DEFAULT)
  TABLESPACE "SYSTEM"  ENABLE;
  ALTER TABLE "PROYECTO_ENCUESTAS"."TEMA" MODIFY (" nombre" NOT NULL ENABLE);
  ALTER TABLE "PROYECTO_ENCUESTAS"."TEMA" MODIFY ("ID" NOT NULL ENABLE);
--------------------------------------------------------
--  Constraints for Table TIPO_CONDICION
--------------------------------------------------------

  ALTER TABLE "PROYECTO_ENCUESTAS"."TIPO_CONDICION" ADD CONSTRAINT "TIPO_CONDICION_PK" PRIMARY KEY ("ID")
  USING INDEX PCTFREE 10 INITRANS 2 MAXTRANS 255 COMPUTE STATISTICS 
  STORAGE(INITIAL 65536 NEXT 1048576 MINEXTENTS 1 MAXEXTENTS 2147483645
  PCTINCREASE 0 FREELISTS 1 FREELIST GROUPS 1 BUFFER_POOL DEFAULT FLASH_CACHE DEFAULT CELL_FLASH_CACHE DEFAULT)
  TABLESPACE "SYSTEM"  ENABLE;
  ALTER TABLE "PROYECTO_ENCUESTAS"."TIPO_CONDICION" MODIFY ("NOMBRE" NOT NULL ENABLE);
  ALTER TABLE "PROYECTO_ENCUESTAS"."TIPO_CONDICION" MODIFY ("ID" NOT NULL ENABLE);
--------------------------------------------------------
--  Constraints for Table TIPO_ENCUESTA
--------------------------------------------------------

  ALTER TABLE "PROYECTO_ENCUESTAS"."TIPO_ENCUESTA" ADD CONSTRAINT "TIPO_ENCUESTA_PK" PRIMARY KEY ("ID")
  USING INDEX PCTFREE 10 INITRANS 2 MAXTRANS 255 COMPUTE STATISTICS 
  STORAGE(INITIAL 65536 NEXT 1048576 MINEXTENTS 1 MAXEXTENTS 2147483645
  PCTINCREASE 0 FREELISTS 1 FREELIST GROUPS 1 BUFFER_POOL DEFAULT FLASH_CACHE DEFAULT CELL_FLASH_CACHE DEFAULT)
  TABLESPACE "SYSTEM"  ENABLE;
  ALTER TABLE "PROYECTO_ENCUESTAS"."TIPO_ENCUESTA" MODIFY ("NOMBRE" NOT NULL ENABLE);
  ALTER TABLE "PROYECTO_ENCUESTAS"."TIPO_ENCUESTA" MODIFY ("ID" NOT NULL ENABLE);
--------------------------------------------------------
--  Constraints for Table USUARIO
--------------------------------------------------------

  ALTER TABLE "PROYECTO_ENCUESTAS"."USUARIO" ADD CONSTRAINT "USUARIO_PK" PRIMARY KEY ("NUMERO_IDENTIFICACION")
  USING INDEX PCTFREE 10 INITRANS 2 MAXTRANS 255 COMPUTE STATISTICS 
  STORAGE(INITIAL 65536 NEXT 1048576 MINEXTENTS 1 MAXEXTENTS 2147483645
  PCTINCREASE 0 FREELISTS 1 FREELIST GROUPS 1 BUFFER_POOL DEFAULT FLASH_CACHE DEFAULT CELL_FLASH_CACHE DEFAULT)
  TABLESPACE "SYSTEM"  ENABLE;
  ALTER TABLE "PROYECTO_ENCUESTAS"."USUARIO" MODIFY ("CIUDAD_ID" NOT NULL ENABLE);
  ALTER TABLE "PROYECTO_ENCUESTAS"."USUARIO" MODIFY ("NIVEL_ESCOLAR_ID" NOT NULL ENABLE);
  ALTER TABLE "PROYECTO_ENCUESTAS"."USUARIO" MODIFY ("GENERO_ID" NOT NULL ENABLE);
  ALTER TABLE "PROYECTO_ENCUESTAS"."USUARIO" MODIFY ("FECHA_NACIMIENTO" NOT NULL ENABLE);
  ALTER TABLE "PROYECTO_ENCUESTAS"."USUARIO" MODIFY ("APELLIDOS" NOT NULL ENABLE);
  ALTER TABLE "PROYECTO_ENCUESTAS"."USUARIO" MODIFY ("NOMBRE" NOT NULL ENABLE);
  ALTER TABLE "PROYECTO_ENCUESTAS"."USUARIO" MODIFY ("NUMERO_IDENTIFICACION" NOT NULL ENABLE);
--------------------------------------------------------
--  Constraints for Table USUARIO_TEMA
--------------------------------------------------------

  ALTER TABLE "PROYECTO_ENCUESTAS"."USUARIO_TEMA" ADD CONSTRAINT "USUARIO_TEMA_PK" PRIMARY KEY ("TEMA_ID", "USUARIO_NUMERO_IDENTIFICACION")
  USING INDEX PCTFREE 10 INITRANS 2 MAXTRANS 255 COMPUTE STATISTICS 
  STORAGE(INITIAL 65536 NEXT 1048576 MINEXTENTS 1 MAXEXTENTS 2147483645
  PCTINCREASE 0 FREELISTS 1 FREELIST GROUPS 1 BUFFER_POOL DEFAULT FLASH_CACHE DEFAULT CELL_FLASH_CACHE DEFAULT)
  TABLESPACE "SYSTEM"  ENABLE;
  ALTER TABLE "PROYECTO_ENCUESTAS"."USUARIO_TEMA" MODIFY ("USUARIO_NUMERO_IDENTIFICACION" NOT NULL ENABLE);
  ALTER TABLE "PROYECTO_ENCUESTAS"."USUARIO_TEMA" MODIFY ("TEMA_ID" NOT NULL ENABLE);
--------------------------------------------------------
--  Ref Constraints for Table CIUDAD
--------------------------------------------------------

  ALTER TABLE "PROYECTO_ENCUESTAS"."CIUDAD" ADD CONSTRAINT "CIUDAD_DEPARTAMENTO_FK" FOREIGN KEY ("DEPARTAMENTO_ID")
	  REFERENCES "PROYECTO_ENCUESTAS"."DEPARTAMENTO" ("ID") ON DELETE CASCADE ENABLE;
--------------------------------------------------------
--  Ref Constraints for Table DEPARTAMENTO
--------------------------------------------------------

  ALTER TABLE "PROYECTO_ENCUESTAS"."DEPARTAMENTO" ADD CONSTRAINT "DEPARTAMENTO_PAIS_FK" FOREIGN KEY ("PAIS_ID")
	  REFERENCES "PROYECTO_ENCUESTAS"."PAIS" ("ID") ON DELETE CASCADE ENABLE;
--------------------------------------------------------
--  Ref Constraints for Table ENCUESTA
--------------------------------------------------------

  ALTER TABLE "PROYECTO_ENCUESTAS"."ENCUESTA" ADD CONSTRAINT "ENCUESTA_GENERO_FK" FOREIGN KEY ("GENERO_OBJETIVO_ID")
	  REFERENCES "PROYECTO_ENCUESTAS"."GENERO" ("ID") ENABLE;
  ALTER TABLE "PROYECTO_ENCUESTAS"."ENCUESTA" ADD CONSTRAINT "ENCUESTA_SUBCATEGORIA_FK" FOREIGN KEY ("SUBCATEGORIA_ID")
	  REFERENCES "PROYECTO_ENCUESTAS"."SUBCATEGORIA" ("ID") ENABLE;
--------------------------------------------------------
--  Ref Constraints for Table ENCUESTA_GRUPO
--------------------------------------------------------

  ALTER TABLE "PROYECTO_ENCUESTAS"."ENCUESTA_GRUPO" ADD CONSTRAINT "ENCUESTA_GRUPO_ENCUESTA_FK" FOREIGN KEY ("ENCUESTA_ID")
	  REFERENCES "PROYECTO_ENCUESTAS"."ENCUESTA" ("ID") ENABLE;
  ALTER TABLE "PROYECTO_ENCUESTAS"."ENCUESTA_GRUPO" ADD CONSTRAINT "ENCUESTA_GRUPO_GRUPO_FK" FOREIGN KEY ("GRUPO_ID")
	  REFERENCES "PROYECTO_ENCUESTAS"."GRUPO" ("ID") ENABLE;
--------------------------------------------------------
--  Ref Constraints for Table ENCUESTA_TIPO_ENCUESTA
--------------------------------------------------------

  ALTER TABLE "PROYECTO_ENCUESTAS"."ENCUESTA_TIPO_ENCUESTA" ADD CONSTRAINT "ENCUESTA_FK" FOREIGN KEY ("ENCUESTA_ID")
	  REFERENCES "PROYECTO_ENCUESTAS"."ENCUESTA" ("ID") ENABLE;
  ALTER TABLE "PROYECTO_ENCUESTAS"."ENCUESTA_TIPO_ENCUESTA" ADD CONSTRAINT "TIPO_ENCUESTA_FK" FOREIGN KEY ("TIPO_ENCUESTA_ID")
	  REFERENCES "PROYECTO_ENCUESTAS"."TIPO_ENCUESTA" ("ID") ENABLE;
--------------------------------------------------------
--  Ref Constraints for Table OPCION
--------------------------------------------------------

  ALTER TABLE "PROYECTO_ENCUESTAS"."OPCION" ADD CONSTRAINT "OPCION_PREGUNTA_FK" FOREIGN KEY ("PREGUNTA_NUMERO")
	  REFERENCES "PROYECTO_ENCUESTAS"."PREGUNTA" ("NUMERO") ENABLE;
--------------------------------------------------------
--  Ref Constraints for Table PREGUNTA
--------------------------------------------------------

  ALTER TABLE "PROYECTO_ENCUESTAS"."PREGUNTA" ADD CONSTRAINT "PREGUNTA_ENCUESTA_FK" FOREIGN KEY ("ENCUESTA_ID")
	  REFERENCES "PROYECTO_ENCUESTAS"."ENCUESTA" ("ID") ENABLE;
  ALTER TABLE "PROYECTO_ENCUESTAS"."PREGUNTA" ADD CONSTRAINT "PREGUNTA_TIPO_CONDICION_FK" FOREIGN KEY ("TIPO_CONDICION_ID")
	  REFERENCES "PROYECTO_ENCUESTAS"."TIPO_CONDICION" ("ID") ENABLE;
--------------------------------------------------------
--  Ref Constraints for Table PRESENTACION
--------------------------------------------------------

  ALTER TABLE "PROYECTO_ENCUESTAS"."PRESENTACION" ADD CONSTRAINT "ENCUESTA_USUARIO_ENCUESTA_FK" FOREIGN KEY ("ENCUESTA_ID")
	  REFERENCES "PROYECTO_ENCUESTAS"."ENCUESTA" ("ID") ENABLE;
  ALTER TABLE "PROYECTO_ENCUESTAS"."PRESENTACION" ADD CONSTRAINT "ENCUESTA_USUARIO_USUARIO_FK" FOREIGN KEY ("USUARIO_NUMERO_IDENTIFICACION")
	  REFERENCES "PROYECTO_ENCUESTAS"."USUARIO" ("NUMERO_IDENTIFICACION") ENABLE;
--------------------------------------------------------
--  Ref Constraints for Table RESPUESTA_USUARIO
--------------------------------------------------------

  ALTER TABLE "PROYECTO_ENCUESTAS"."RESPUESTA_USUARIO" ADD CONSTRAINT "OPCION_FK" FOREIGN KEY ("OPCION_ID")
	  REFERENCES "PROYECTO_ENCUESTAS"."OPCION" ("ID") ENABLE;
  ALTER TABLE "PROYECTO_ENCUESTAS"."RESPUESTA_USUARIO" ADD CONSTRAINT "PRESENTACION_FK" FOREIGN KEY ("PRESENTACION_ID")
	  REFERENCES "PROYECTO_ENCUESTAS"."PRESENTACION" ("ID") ENABLE;
--------------------------------------------------------
--  Ref Constraints for Table SUBCATEGORIA
--------------------------------------------------------

  ALTER TABLE "PROYECTO_ENCUESTAS"."SUBCATEGORIA" ADD CONSTRAINT "SUBCATEGORIA_CATEGORIA_FK" FOREIGN KEY ("CATEGORIA_ID")
	  REFERENCES "PROYECTO_ENCUESTAS"."CATEGORIA" ("ID") ON DELETE CASCADE ENABLE;
--------------------------------------------------------
--  Ref Constraints for Table USUARIO
--------------------------------------------------------

  ALTER TABLE "PROYECTO_ENCUESTAS"."USUARIO" ADD CONSTRAINT "USUARIO_CIUDAD_FK" FOREIGN KEY ("CIUDAD_ID")
	  REFERENCES "PROYECTO_ENCUESTAS"."CIUDAD" ("ID") ENABLE;
  ALTER TABLE "PROYECTO_ENCUESTAS"."USUARIO" ADD CONSTRAINT "USUARIO_GENERO_FK" FOREIGN KEY ("GENERO_ID")
	  REFERENCES "PROYECTO_ENCUESTAS"."GENERO" ("ID") ENABLE;
  ALTER TABLE "PROYECTO_ENCUESTAS"."USUARIO" ADD CONSTRAINT "USUARIO_NIVEL_ESCOLAR_FK" FOREIGN KEY ("NIVEL_ESCOLAR_ID")
	  REFERENCES "PROYECTO_ENCUESTAS"."NIVEL_ESCOLAR" ("ID") ENABLE;
--------------------------------------------------------
--  Ref Constraints for Table USUARIO_TEMA
--------------------------------------------------------

  ALTER TABLE "PROYECTO_ENCUESTAS"."USUARIO_TEMA" ADD CONSTRAINT "USUARIO_TEMA_TEMA_FK" FOREIGN KEY ("TEMA_ID")
	  REFERENCES "PROYECTO_ENCUESTAS"."TEMA" ("ID") ENABLE;
  ALTER TABLE "PROYECTO_ENCUESTAS"."USUARIO_TEMA" ADD CONSTRAINT "USUARIO_TEMA_USUARIO_FK" FOREIGN KEY ("USUARIO_NUMERO_IDENTIFICACION")
	  REFERENCES "PROYECTO_ENCUESTAS"."USUARIO" ("NUMERO_IDENTIFICACION") ENABLE;
